-0.46249,-0.40961,-0.54372,14.548,8.8278,5.7514,-1
-0.47909,-0.42826,-0.55713,14.778,8.9644,5.843,-1
-0.47809,-0.42824,-0.55471,14.949,9.0719,5.906,-1
-0.48973,-0.44024,-0.56528,14.917,9.0276,5.9177,-1
-0.47036,-0.42013,-0.54778,15.031,9.1315,5.9286,-1
-0.47725,-0.42855,-0.55165,14.805,8.9622,5.8694,-1
-0.47357,-0.424,-0.54941,14.845,8.993,5.8802,-1
-0.46814,-0.4177,-0.54556,14.986,9.0905,5.9252,-1
-0.46978,-0.42,-0.54593,14.922,9.0397,5.911,-1
-0.44777,-0.39269,-0.53133,14.717,8.8887,5.8627,-1
-0.46375,-0.41476,-0.53813,14.702,8.8781,5.8511,-1
-0.44189,-0.39011,-0.52101,14.71,8.9077,5.832,-1
-0.43203,-0.38052,-0.51133,14.936,9.0705,5.896,-1
-0.44478,-0.39634,-0.51922,15.042,9.1266,5.9425,-1
-0.45172,-0.40526,-0.52373,15.283,9.3025,6.0063,-1
-0.44677,-0.3996,-0.51913,14.846,9.0013,5.8703,-1
-0.45525,-0.40982,-0.52482,14.774,8.9497,5.8477,-1
-0.46171,-0.41521,-0.53271,14.793,8.9518,5.8652,-1
-0.47124,-0.42605,-0.53976,14.538,8.7724,5.7882,-1
-0.47093,-0.42549,-0.53987,14.581,8.8011,5.8031,-1
-0.46366,-0.41614,-0.53574,14.539,8.7758,5.7879,-1
-0.47159,-0.42394,-0.54301,14.21,8.5365,5.6973,-1
-0.46444,-0.41671,-0.53598,14.275,8.5749,5.724,-1
-0.47369,-0.42574,-0.5456,14.373,8.6358,5.7618,-1
-0.47091,-0.42362,-0.54235,14.424,8.6921,5.7563,-1
-0.45505,-0.4055,-0.53036,14.564,8.7989,5.7927,-1
-0.48624,-0.44272,-0.5525,14.735,8.9055,5.8511,-1
-0.48308,-0.43819,-0.55042,14.487,8.7042,5.8045,-1
-0.48695,-0.44292,-0.5529,14.517,8.7157,5.8226,-1
-0.48433,-0.44015,-0.55032,14.456,8.67,5.8066,-1
-0.4852,-0.44278,-0.54889,14.762,8.8719,5.9106,-1
-0.47948,-0.43653,-0.5438,14.553,8.7372,5.8361,-1
-0.46865,-0.42081,-0.53989,14.372,8.6112,5.7856,-1
-0.47948,-0.43476,-0.54605,14.251,8.5355,5.7371,-1
-0.48452,-0.44079,-0.54971,14.434,8.6506,5.8038,-1
-0.50232,-0.46252,-0.56184,14.633,8.7773,5.8728,-1
-0.48585,-0.44305,-0.54968,14.684,8.8016,5.9029,-1
-0.48464,-0.44058,-0.55024,14.693,8.8003,5.9137,-1
-0.48984,-0.44587,-0.55478,14.428,8.6146,5.834,-1
-0.47214,-0.42582,-0.5411,14.716,8.816,5.9236,-1
-0.49029,-0.44859,-0.55272,14.943,8.9687,5.9936,-1
-0.4905,-0.44812,-0.55377,14.874,8.9171,5.9765,-1
-0.48543,-0.44347,-0.54849,14.954,8.9894,5.9843,-1
-0.48959,-0.44788,-0.55236,15.043,9.0477,6.0146,-1
-0.49081,-0.44949,-0.55302,15.144,9.1104,6.0532,-1
-0.49203,-0.45158,-0.55382,15.644,9.4654,6.1977,-1
-0.50241,-0.46088,-0.56439,15.164,9.0899,6.0933,-1
-0.50557,-0.46566,-0.56561,15.343,9.226,6.1354,-1
-0.48693,-0.44349,-0.55207,15.169,9.1124,6.0779,-1
-0.48316,-0.4372,-0.55217,15.121,9.0896,6.0557,-1
-0.47328,-0.42567,-0.54528,15.327,9.2395,6.1134,-1
-0.47496,-0.4268,-0.54665,15.037,9.0072,6.0557,-1
-0.46716,-0.41901,-0.53936,15.161,9.1093,6.0777,-1
-0.46133,-0.4115,-0.53665,15.547,9.3723,6.2044,-1
-0.46153,-0.41112,-0.53659,15.041,9.0124,6.0569,-1
-0.45034,-0.39779,-0.52867,14.93,8.9512,6.01,-1
-0.46962,-0.42034,-0.54284,14.928,8.936,6.0185,-1
-0.4538,-0.403,-0.52972,14.875,8.9265,5.9771,-1
-0.4737,-0.42667,-0.54391,14.886,8.9275,5.9836,-1
-0.47966,-0.43045,-0.55246,14.533,8.6847,5.8745,-1
-0.47583,-0.42484,-0.55126,14.616,8.7355,5.9083,-1
-0.46367,-0.40783,-0.54603,14.504,8.6611,5.8762,-1
-0.46971,-0.41453,-0.55072,14.383,8.5729,5.8426,-1
-0.47518,-0.42179,-0.55405,14.545,8.69,5.8856,-1
-0.49495,-0.4457,-0.56726,14.601,8.6998,5.9271,-1
-0.48662,-0.43651,-0.56088,14.935,8.9322,6.0302,-1
-0.4899,-0.43774,-0.56708,14.932,8.926,6.0357,-1
-0.47405,-0.41812,-0.5567,14.754,8.8176,5.9702,-1
-0.46722,-0.41269,-0.54931,15.25,9.1812,6.1029,-1
-0.49098,-0.4409,-0.5655,15.267,9.1459,6.1492,-1
-0.47944,-0.43032,-0.55336,15.465,9.3062,6.1865,-1
-0.48771,-0.4392,-0.56038,15.35,9.2195,6.1579,-1
-0.48545,-0.43576,-0.55998,15.436,9.2768,6.1878,-1
-0.48055,-0.42901,-0.5573,15.185,9.1003,6.115,-1
-0.47831,-0.42683,-0.55554,15.343,9.2223,6.1514,-1
-0.4854,-0.43389,-0.56182,15.178,9.082,6.1259,-1
-0.50565,-0.45458,-0.58068,15.118,9.0106,6.1361,-1
-0.49375,-0.44224,-0.56992,15.136,9.0453,6.12,-1
-0.50529,-0.45612,-0.57766,15.002,8.9477,6.081,-1
-0.50136,-0.45179,-0.57529,15.336,9.1957,6.1682,-1
-0.48627,-0.4354,-0.56215,15.299,9.1736,6.1552,-1
-0.50053,-0.45352,-0.57049,15.317,9.175,6.1672,-1
-0.52368,-0.47957,-0.58915,15.27,9.1352,6.1568,-1
-0.50334,-0.4547,-0.57471,14.818,8.8263,6.0179,-1
-0.48217,-0.43044,-0.55975,15.426,9.2721,6.185,-1
-0.49649,-0.44487,-0.57212,14.915,8.8797,6.0649,-1
-0.51273,-0.46624,-0.58133,15.143,9.0385,6.1285,-1
-0.49847,-0.45052,-0.56935,15.02,8.9726,6.0728,-1
-0.50647,-0.45974,-0.57473,14.699,8.7378,5.9843,-1
-0.49314,-0.44341,-0.56624,14.893,8.8777,6.0426,-1
-0.49987,-0.45116,-0.57103,14.683,8.7304,5.978,-1
-0.48841,-0.43837,-0.56198,14.913,8.8905,6.0502,-1
-0.49432,-0.44445,-0.56797,15.109,9.0236,6.1135,-1
-0.49444,-0.44645,-0.56583,15.242,9.129,6.1389,-1
-0.51168,-0.46529,-0.57985,14.92,8.8915,6.052,-1
-0.49776,-0.44987,-0.5686,14.959,8.9391,6.0456,-1
-0.51358,-0.46922,-0.5799,15.346,9.2075,6.1611,-1
-0.51427,-0.4689,-0.58144,15.147,9.0529,6.1173,-1
-0.51228,-0.46789,-0.57795,15.049,8.9917,6.0793,-1
-0.53308,-0.49433,-0.59022,15.065,8.9859,6.0963,-1
-0.53452,-0.4957,-0.59139,14.837,8.8275,6.0262,-1
-0.51385,-0.47094,-0.57706,14.818,8.8369,6.0017,-1
-0.53304,-0.49262,-0.59187,14.711,8.7283,5.9998,-1
-0.50502,-0.45888,-0.57223,14.759,8.7639,6.0175,-1
-0.52223,-0.47896,-0.58509,14.8,8.7765,6.0438,-1
-0.49394,-0.4465,-0.5637,15.058,8.9762,6.1064,-1
-0.53421,-0.49196,-0.59585,15.011,8.9162,6.1145,-1
-0.51744,-0.47238,-0.58333,15.06,8.9557,6.1267,-1
-0.51297,-0.46933,-0.57639,14.867,8.8177,6.07,-1
-0.51156,-0.46871,-0.57411,14.918,8.8637,6.0746,-1
-0.51165,-0.47098,-0.57099,14.76,8.7679,6.0098,-1
-0.51476,-0.47478,-0.57369,15.077,8.9918,6.1027,-1
-0.48687,-0.43977,-0.55561,14.705,8.7386,5.9897,-1
-0.50198,-0.45872,-0.56564,15.073,8.986,6.1082,-1
-0.48629,-0.44111,-0.55371,15.406,9.2379,6.1917,-1
-0.49133,-0.44769,-0.55665,15.408,9.2492,6.1808,-1
-0.48507,-0.44024,-0.55232,15.578,9.3606,6.2411,-1
-0.47255,-0.42419,-0.54487,15.545,9.3304,6.2423,-1
-0.48231,-0.4345,-0.55275,15.203,9.0705,6.1582,-1
-0.49067,-0.44477,-0.5586,15.47,9.2438,6.2503,-1
-0.49074,-0.44591,-0.55715,15.351,9.1769,6.1968,-1
-0.50688,-0.46307,-0.57148,15.231,9.0876,6.1652,-1
-0.49769,-0.45263,-0.56488,15.389,9.2241,6.1882,-1
-0.49091,-0.4446,-0.56028,15.407,9.253,6.1791,-1
-0.51014,-0.46592,-0.57617,15.452,9.2657,6.2087,-1
-0.50126,-0.45733,-0.56686,15.434,9.2559,6.2005,-1
-0.50291,-0.46072,-0.5659,15.425,9.2492,6.1967,-1
-0.50456,-0.46108,-0.56929,15.39,9.2177,6.1945,-1
-0.4967,-0.4547,-0.56056,15.938,9.6255,6.3334,-1
-0.49328,-0.4512,-0.55693,15.64,9.4272,6.2335,-1
-0.48561,-0.44236,-0.55181,16.025,9.7041,6.3434,-1
-0.47807,-0.43345,-0.54646,16.019,9.7078,6.3358,-1
-0.49553,-0.45513,-0.55706,16.051,9.7008,6.3697,-1
-0.48679,-0.4453,-0.54998,16.103,9.7317,6.3921,-1
-0.47908,-0.43934,-0.54049,16.505,10.031,6.4945,-1
-0.48398,-0.4468,-0.54151,16.45,10.001,6.4667,-1
-0.47669,-0.43857,-0.53583,16.512,10.05,6.4801,-1
-0.48786,-0.4508,-0.54528,16.46,10.013,6.4649,-1
-0.49564,-0.45798,-0.55356,16.493,10.003,6.5078,-1
-0.50307,-0.46539,-0.56137,16.839,10.238,6.6195,-1
-0.48575,-0.44572,-0.54779,16.843,10.249,6.6153,-1
-0.50758,-0.47089,-0.5639,16.685,10.113,6.5892,-1
-0.50454,-0.46726,-0.56215,16.971,10.314,6.6752,-1
-0.50951,-0.47295,-0.56544,16.686,10.099,6.6044,-1
-0.52472,-0.4899,-0.57793,16.688,10.095,6.6082,-1
-0.51881,-0.48454,-0.57106,16.72,10.105,6.63,-1
-0.53197,-0.50101,-0.57994,17.182,10.449,6.7449,-1
-0.53275,-0.50183,-0.58044,16.979,10.307,6.6852,-1
-0.54543,-0.51537,-0.59172,16.861,10.229,6.6435,-1
-0.54766,-0.51677,-0.59508,16.83,10.198,6.6446,-1
-0.54655,-0.51577,-0.59428,17.133,10.422,6.7236,-1
-0.53562,-0.50189,-0.58791,17.267,10.505,6.7768,-1
-0.55206,-0.5196,-0.6019,17.023,10.317,6.7193,-1
-0.54358,-0.50906,-0.59592,16.629,10.029,6.6157,-1
-0.54833,-0.51752,-0.59573,16.855,10.222,6.6448,-1
-0.52819,-0.49334,-0.58203,16.804,10.209,6.6104,-1
-0.5298,-0.49458,-0.58426,16.956,10.307,6.6654,-1
-0.53456,-0.49817,-0.59064,16.919,10.271,6.6659,-1
-0.53923,-0.50421,-0.59341,17.055,10.368,6.7033,-1
-0.54451,-0.51025,-0.59762,17.272,10.509,6.779,-1
-0.53751,-0.49943,-0.59603,17.133,10.389,6.763,-1
-0.55578,-0.52032,-0.61025,17.216,10.438,6.7956,-1
-0.54968,-0.51295,-0.60658,17.432,10.604,6.8467,-1
-0.54372,-0.50852,-0.59853,17.317,10.555,6.7792,-1
-0.54039,-0.50292,-0.59825,16.96,10.303,6.6751,-1
-0.55797,-0.52558,-0.60882,17.537,10.72,6.8316,-1
-0.5501,-0.51533,-0.60454,17.619,10.761,6.8738,-1
-0.55161,-0.51568,-0.60698,17.235,10.461,6.7911,-1
-0.55728,-0.52099,-0.61369,17.628,10.738,6.9084,-1
-0.53768,-0.4968,-0.60105,17.389,10.582,6.8296,-1
-0.55365,-0.51486,-0.61315,17.302,10.484,6.8378,-1
-0.55357,-0.5157,-0.61275,17.961,10.964,7.0178,-1
-0.55959,-0.52145,-0.61881,17.731,10.796,6.9552,-1
-0.54559,-0.50443,-0.61006,17.977,10.985,7.0157,-1
-0.5408,-0.49689,-0.60945,18.038,11.016,7.0485,-1
-0.55322,-0.51112,-0.61851,17.826,10.851,6.9994,-1
-0.55343,-0.51276,-0.61682,18.038,11,7.0612,-1
-0.54066,-0.49832,-0.60674,17.986,10.975,7.0359,-1
-0.54653,-0.50489,-0.61199,18.288,11.192,7.1208,-1
-0.55037,-0.5087,-0.61596,18.297,11.202,7.1201,-1
-0.54665,-0.5021,-0.61707,18.407,11.29,7.1463,-1
-0.54916,-0.50359,-0.62042,18.008,10.999,7.0384,-1
-0.55737,-0.51483,-0.62453,18.5,11.339,7.1874,-1
-0.55287,-0.50883,-0.6222,18.296,11.203,7.1208,-1
-0.55403,-0.51045,-0.62295,18.407,11.291,7.1444,-1
-0.54944,-0.50548,-0.61875,18.425,11.29,7.1632,-1
-0.55934,-0.51697,-0.62674,18.772,11.54,7.2592,-1
-0.54577,-0.50109,-0.61697,18.757,11.54,7.2467,-1
-0.56121,-0.516,-0.63246,18.455,11.307,7.1777,-1
-0.54828,-0.49818,-0.62654,18.213,11.123,7.1261,-1
-0.54702,-0.49793,-0.62418,18.487,11.317,7.2048,-1
-0.53692,-0.48584,-0.61707,18.283,11.187,7.1331,-1
-0.53536,-0.48391,-0.6161,18.253,11.17,7.1216,-1
-0.54721,-0.49843,-0.62352,18.156,11.093,7.0962,-1
-0.55074,-0.49911,-0.63094,17.878,10.895,7.0197,-1
-0.53979,-0.48517,-0.62442,17.777,10.826,6.9914,-1
-0.54126,-0.48532,-0.6273,17.452,10.599,6.8949,-1
-0.53676,-0.47989,-0.62506,17.906,10.915,7.0359,-1
-0.53832,-0.48146,-0.62586,17.515,10.641,6.9179,-1
-0.52598,-0.46952,-0.61313,17.6,10.704,6.9398,-1
-0.5338,-0.47796,-0.62047,17.666,10.766,6.9422,-1
-0.51922,-0.4623,-0.6078,17.672,10.783,6.9335,-1
-0.52906,-0.47486,-0.61467,18.13,11.124,7.0485,-1
-0.50462,-0.44591,-0.59806,18.182,11.193,7.039,-1
-0.51274,-0.45554,-0.60368,18.244,11.225,7.0663,-1
-0.51278,-0.45356,-0.60581,17.966,11.005,7.011,-1
-0.50651,-0.44635,-0.60165,18.133,11.136,7.0484,-1
-0.51519,-0.45678,-0.60674,18.016,11.025,7.0394,-1
-0.49678,-0.43617,-0.59239,17.83,10.941,6.9411,-1
-0.49441,-0.43335,-0.5905,17.777,10.897,6.9316,-1
-0.49869,-0.43959,-0.59136,17.701,10.834,6.9152,-1
-0.51198,-0.45517,-0.60119,17.79,10.893,6.9423,-1
-0.51657,-0.4591,-0.60618,17.686,10.8,6.9315,-1
-0.51403,-0.45904,-0.60076,17.82,10.928,6.9342,-1
-0.50964,-0.45339,-0.59802,17.742,10.866,6.9205,-1
-0.50575,-0.44879,-0.59546,18.013,11.042,7.0171,-1
-0.50797,-0.45003,-0.59804,17.753,10.829,6.9707,-1
-0.50988,-0.45307,-0.59797,17.782,10.835,6.992,-1
-0.50244,-0.44311,-0.59378,17.471,10.617,6.901,-1
-0.50346,-0.44544,-0.59299,17.516,10.654,6.9083,-1
-0.51375,-0.45715,-0.60163,17.719,10.801,6.9623,-1
-0.51321,-0.45637,-0.6009,17.652,10.733,6.9626,-1
-0.52405,-0.46921,-0.60911,17.984,10.957,7.0694,-1
-0.52497,-0.46783,-0.61122,17.341,10.453,6.9305,-1
-0.53228,-0.48087,-0.61077,17.654,10.686,7.0041,-1
-0.52841,-0.47656,-0.60796,17.837,10.818,7.0555,-1
-0.53287,-0.48417,-0.60788,18.063,10.97,7.1264,-1
-0.52465,-0.47447,-0.60247,18.157,11.059,7.1339,-1
-0.52045,-0.46929,-0.59937,18.018,10.952,7.1028,-1
-0.5219,-0.47093,-0.60097,18.216,11.096,7.1566,-1
-0.53759,-0.4901,-0.61125,18.236,11.104,7.1633,-1
-0.54767,-0.50258,-0.61778,18.296,11.15,7.1757,-1
-0.52587,-0.47752,-0.60142,18.377,11.223,7.1875,-1
-0.5293,-0.47996,-0.60593,18.19,11.083,7.1413,-1
-0.52062,-0.47213,-0.59705,18.472,11.32,7.1863,-1
-0.51775,-0.46736,-0.59611,18.145,11.063,7.1177,-1
-0.5327,-0.48463,-0.60707,18.001,10.952,7.0813,-1
-0.52747,-0.47826,-0.60431,18.264,11.152,7.1466,-1
-0.53582,-0.48966,-0.60842,18.425,11.281,7.1751,-1
-0.53863,-0.49393,-0.60845,18.144,11.077,7.0953,-1
-0.53002,-0.48397,-0.60118,17.745,10.789,6.9851,-1
-0.53574,-0.48918,-0.60764,17.879,10.868,7.0411,-1
-0.54082,-0.49263,-0.61442,17.487,10.584,6.9336,-1
-0.5362,-0.48925,-0.60828,17.739,10.758,7.0108,-1
-0.53189,-0.48542,-0.60318,17.611,10.677,6.9628,-1
-0.54274,-0.49905,-0.60973,17.528,10.623,6.9304,-1
-0.53618,-0.49018,-0.6066,17.499,10.6,6.9278,-1
-0.52442,-0.47525,-0.59877,17.045,10.275,6.8005,-1
-0.54285,-0.49701,-0.61263,17.315,10.465,6.8781,-1
-0.54887,-0.50477,-0.61593,17.235,10.411,6.8493,-1
-0.55721,-0.51392,-0.62266,17.05,10.275,6.799,-1
-0.54672,-0.5022,-0.61455,17.329,10.476,6.8787,-1
-0.5538,-0.50809,-0.62302,17.238,10.397,6.8684,-1
-0.55916,-0.51491,-0.62632,17.202,10.383,6.845,-1
-0.55322,-0.50672,-0.62333,17.197,10.354,6.8716,-1
-0.56801,-0.52502,-0.63263,17.268,10.382,6.9099,-1
-0.5531,-0.50522,-0.62451,16.934,10.151,6.8111,-1
-0.56031,-0.51269,-0.6311,16.996,10.176,6.8485,-1
-0.56231,-0.51286,-0.63414,16.378,9.7151,6.6919,-1
-0.55828,-0.50709,-0.63252,16.243,9.63,6.6437,-1
-0.56156,-0.51288,-0.63283,16.474,9.8034,6.6988,-1
-0.56257,-0.51188,-0.6362,16.319,9.6819,6.6673,-1
-0.56979,-0.5194,-0.64296,16.415,9.7365,6.7088,-1
-0.56071,-0.51049,-0.63432,16.477,9.8099,6.6975,-1
-0.56,-0.50992,-0.63271,16.302,9.6683,6.6636,-1
-0.5481,-0.50191,-0.61648,16.61,9.9282,6.7077,-1
-0.55381,-0.5063,-0.62292,16.127,9.5706,6.5827,-1
-0.55604,-0.51154,-0.62197,16.568,9.9054,6.6865,-1
-0.55279,-0.50773,-0.61955,16.405,9.8067,6.6226,-1
-0.55558,-0.51116,-0.62148,16.395,9.8065,6.6127,-1
-0.56852,-0.5272,-0.62984,16.428,9.8252,6.6234,-1
-0.55511,-0.5123,-0.61893,16.531,9.9068,6.6468,-1
-0.56919,-0.52934,-0.62862,16.53,9.9063,6.6431,-1
-0.55863,-0.51713,-0.6203,16.537,9.8965,6.6614,-1
-0.5538,-0.51175,-0.61646,16.762,10.042,6.7423,-1
-0.55223,-0.50855,-0.61731,16.767,10.045,6.7454,-1
-0.55395,-0.50745,-0.62232,16.476,9.8198,6.6823,-1
-0.5464,-0.49793,-0.61767,16.679,9.9434,6.7646,-1
-0.55887,-0.51151,-0.62905,16.89,10.1,6.8188,-1
-0.56127,-0.51372,-0.63119,16.757,9.9895,6.7953,-1
-0.55047,-0.5012,-0.62261,16.527,9.8364,6.7205,-1
-0.53952,-0.49018,-0.61262,16.877,10.092,6.8156,-1
-0.54069,-0.48992,-0.61566,16.856,10.067,6.821,-1
-0.54686,-0.5004,-0.61615,17.071,10.234,6.8643,-1
-0.52977,-0.48119,-0.60189,16.788,10.047,6.7706,-1
-0.51285,-0.46068,-0.58962,16.55,9.8715,6.7119,-1
-0.52227,-0.47283,-0.59541,16.734,10.001,6.7633,-1
-0.52802,-0.48042,-0.59767,16.324,9.7118,6.6396,-1
-0.51631,-0.4671,-0.58803,16.122,9.5761,6.574,-1
-0.52673,-0.48008,-0.59514,16.319,9.7161,6.629,-1
-0.52996,-0.48288,-0.5992,16.452,9.8074,6.6712,-1
-0.52792,-0.48025,-0.59735,16.381,9.7267,6.6816,-1
-0.53606,-0.49166,-0.60132,16.442,9.7972,6.6684,-1
-0.53114,-0.48443,-0.59916,16.29,9.6711,6.6444,-1
-0.5186,-0.47034,-0.58892,16.203,9.6228,6.6081,-1
-0.51924,-0.46864,-0.59256,16.063,9.5201,6.5725,-1
-0.52074,-0.47244,-0.59199,16.614,9.9171,6.7258,-1
-0.5189,-0.46941,-0.59088,16.291,9.6685,6.6511,-1
-0.53982,-0.49361,-0.60737,16.527,9.8283,6.7245,-1
-0.5373,-0.49133,-0.60434,16.419,9.7541,6.6898,-1
-0.53194,-0.48652,-0.59867,16.617,9.9007,6.741,-1
-0.53054,-0.48656,-0.59544,16.799,10.027,6.7963,-1
-0.52844,-0.48024,-0.59853,16.503,9.7934,6.7375,-1
-0.50991,-0.45864,-0.58419,16.471,9.7615,6.741,-1
-0.52792,-0.47993,-0.59791,16.787,9.9733,6.8416,-1
-0.51599,-0.46333,-0.59222,16.57,9.8173,6.7859,-1
-0.50842,-0.45075,-0.59075,16.052,9.46,6.6301,-1
-0.51292,-0.45997,-0.59035,16.789,9.9892,6.8347,-1
-0.52285,-0.47266,-0.59566,16.487,9.7755,6.7422,-1
-0.52367,-0.47379,-0.59591,16.474,9.761,6.7429,-1
-0.5098,-0.45729,-0.58523,16.187,9.5599,6.6591,-1
-0.51743,-0.46978,-0.58626,16.384,9.6954,6.7156,-1
-0.50817,-0.45944,-0.57874,16.368,9.6981,6.6982,-1
-0.52504,-0.47864,-0.59217,16.435,9.7321,6.7285,-1
-0.50333,-0.45497,-0.57344,16.307,9.6654,6.6693,-1
-0.51375,-0.46681,-0.58203,16.383,9.7227,6.687,-1
-0.51204,-0.4634,-0.58298,16.508,9.8078,6.7284,-1
-0.50785,-0.46002,-0.57782,16.468,9.7965,6.6996,-1
-0.51565,-0.46774,-0.58553,16.593,9.8593,6.7611,-1
-0.51779,-0.47146,-0.58488,16.16,9.5732,6.6121,-1
-0.5162,-0.46987,-0.58344,16.198,9.6044,6.619,-1
-0.52567,-0.48261,-0.58873,16.494,9.8129,6.7038,-1
-0.51032,-0.45955,-0.58342,16.059,9.4925,6.5962,-1
-0.51719,-0.46735,-0.58877,16.156,9.541,6.6442,-1
-0.51542,-0.46499,-0.58792,16.214,9.5784,6.6656,-1
-0.53003,-0.48148,-0.59941,16.097,9.4843,6.6398,-1
-0.51119,-0.45785,-0.587,15.898,9.3487,6.5816,-1
-0.51069,-0.4573,-0.58704,16.056,9.466,6.623,-1
-0.51476,-0.45969,-0.59327,15.916,9.3722,6.5783,-1
-0.52249,-0.46899,-0.59926,16.245,9.5912,6.6868,-1
-0.52238,-0.46692,-0.60087,15.912,9.3426,6.604,-1
-0.51225,-0.45417,-0.59474,15.927,9.3661,6.5989,-1
-0.53737,-0.48457,-0.61215,15.772,9.2613,6.5422,-1
-0.51785,-0.4625,-0.59631,15.769,9.2645,6.5386,-1
-0.531,-0.47767,-0.60637,15.792,9.2648,6.5591,-1
-0.53086,-0.47369,-0.61186,15.981,9.3882,6.6301,-1
-0.543,-0.48705,-0.62068,15.594,9.0835,6.5446,-1
-0.53549,-0.48131,-0.6113,15.739,9.1964,6.5752,-1
-0.53901,-0.48231,-0.61766,15.72,9.1525,6.6022,-1
-0.53933,-0.48233,-0.61874,15.946,9.3028,6.6797,-1
-0.52669,-0.46667,-0.61019,15.893,9.2676,6.6649,-1
-0.5482,-0.49276,-0.62507,15.886,9.2468,6.6731,-1
-0.52318,-0.46258,-0.60675,15.806,9.1833,6.6629,-1
-0.50616,-0.44216,-0.59552,16.116,9.4153,6.7464,-1
-0.51326,-0.44788,-0.60383,16.027,9.3332,6.7409,-1
-0.51162,-0.44794,-0.60103,16.396,9.6002,6.8422,-1
-0.50907,-0.44204,-0.60182,16.014,9.3229,6.7414,-1
-0.48754,-0.41904,-0.58199,15.74,9.1498,6.641,-1
-0.48966,-0.42157,-0.58285,15.694,9.0942,6.6493,-1
-0.48777,-0.41611,-0.5849,15.681,9.0524,6.6835,-1
-0.48582,-0.41822,-0.57856,15.887,9.2151,6.7214,-1
-0.49666,-0.42871,-0.58984,15.99,9.2742,6.7665,-1
-0.50412,-0.43645,-0.59673,15.871,9.1964,6.7244,-1
-0.50524,-0.43737,-0.59839,15.734,9.1287,6.6549,-1
-0.51044,-0.44368,-0.60211,15.897,9.2241,6.7214,-1
-0.4942,-0.42605,-0.58767,15.819,9.1755,6.6939,-1
-0.51138,-0.44606,-0.60036,15.754,9.1093,6.6902,-1
-0.5221,-0.45697,-0.61034,15.755,9.0885,6.7117,-1
-0.54222,-0.47725,-0.62943,15.6,8.9629,6.6812,-1
-0.54601,-0.48274,-0.63201,16.028,9.257,6.8148,-1
-0.54789,-0.48893,-0.62855,16.219,9.3903,6.8678,-1
-0.54449,-0.48375,-0.6265,15.754,9.0719,6.721,-1
-0.54533,-0.48559,-0.6263,15.835,9.1317,6.7413,-1
-0.56175,-0.50739,-0.63615,16.009,9.2678,6.7739,-1
-0.54395,-0.48907,-0.62052,16.517,9.639,6.9125,-1
-0.55459,-0.499,-0.63115,16.231,9.422,6.8438,-1
-0.5568,-0.50155,-0.63261,16.201,9.3896,6.8456,-1
-0.54657,-0.48967,-0.62447,16.054,9.296,6.7933,-1
-0.54173,-0.48512,-0.619,15.899,9.1949,6.7394,-1
-0.55852,-0.50437,-0.63196,15.895,9.1657,6.7605,-1
-0.56223,-0.50709,-0.63687,15.599,8.9884,6.643,-1
-0.55798,-0.50085,-0.63538,15.628,9.0092,6.6534,-1
-0.56687,-0.51132,-0.64232,15.865,9.1559,6.7427,-1
-0.56807,-0.51059,-0.6454,15.687,9.0173,6.7046,-1
-0.58157,-0.52413,-0.65777,15.306,8.7458,6.5941,-1
-0.59301,-0.54131,-0.66253,15.691,9.0138,6.7051,-1
-0.58709,-0.53397,-0.65806,15.563,8.9165,6.6762,-1
-0.60103,-0.5526,-0.66603,15.745,9.036,6.7338,-1
-0.5868,-0.53409,-0.65646,15.332,8.7419,6.6182,-1
-0.58053,-0.52681,-0.65225,15.731,9.0097,6.7513,-1
-0.57904,-0.52772,-0.64743,15.56,8.9033,6.6841,-1
-0.58486,-0.53529,-0.65136,15.766,9.0465,6.7451,-1
-0.5827,-0.52962,-0.65313,15.51,8.86,6.6791,-1
-0.58441,-0.53484,-0.65103,15.775,9.059,6.7417,-1
-0.58107,-0.53223,-0.64727,15.955,9.1941,6.7864,-1
-0.57542,-0.52593,-0.64195,15.782,9.0637,6.7446,-1
-0.56787,-0.51734,-0.63636,15.96,9.1983,6.7891,-1
-0.56496,-0.51201,-0.63561,15.498,8.8745,6.6527,-1
-0.58496,-0.53694,-0.64946,15.689,9.006,6.7077,-1
-0.56854,-0.51725,-0.63751,15.527,8.9187,6.6361,-1
-0.56991,-0.52128,-0.63604,15.768,9.0987,6.6945,-1
-0.57478,-0.52344,-0.64347,15.241,8.736,6.5321,-1
-0.57231,-0.52141,-0.64083,15.424,8.8649,6.5865,-1
-0.55275,-0.50291,-0.62071,15.629,9.03,6.6251,-1
-0.58354,-0.53753,-0.64569,15.611,8.9829,6.6505,-1
-0.57609,-0.52628,-0.6436,15.732,9.0671,6.6918,-1
-0.58626,-0.53847,-0.65112,15.78,9.0982,6.7058,-1
-0.60179,-0.55261,-0.66778,15.536,8.9153,6.6462,-1
-0.59639,-0.54521,-0.66415,15.394,8.7846,6.636,-1
-0.59484,-0.54287,-0.66376,15.59,8.9029,6.7152,-1
-0.59868,-0.54776,-0.66541,15.281,8.6814,6.6253,-1
-0.58399,-0.53506,-0.64886,15.436,8.8118,6.6484,-1
-0.59656,-0.55032,-0.65785,15.521,8.8584,6.6842,-1
-0.60552,-0.55797,-0.66846,15.414,8.7922,6.6448,-1
-0.59415,-0.54529,-0.65918,15.532,8.8827,6.6742,-1
-0.58017,-0.52974,-0.64726,15.212,8.6975,6.5398,-1
-0.60015,-0.55262,-0.6629,15.202,8.6617,6.5628,-1
-0.6022,-0.55419,-0.66552,15.17,8.6395,6.5532,-1
-0.59967,-0.55183,-0.66313,15.364,8.7724,6.6153,-1
-0.60709,-0.56359,-0.66489,15.358,8.7742,6.6033,-1
-0.60786,-0.56361,-0.66666,15.382,8.7873,6.6144,-1
-0.60027,-0.55196,-0.66461,15.405,8.8104,6.6186,-1
-0.5963,-0.54509,-0.66437,15.342,8.7702,6.5989,-1
-0.59505,-0.54373,-0.66344,15.457,8.8453,6.639,-1
-0.59849,-0.54506,-0.66971,15.545,8.8965,6.678,-1
-0.59187,-0.53982,-0.66153,15.655,8.9746,6.7084,-1
-0.58955,-0.53768,-0.65941,15.681,9.0148,6.6947,-1
-0.58976,-0.53541,-0.66274,15.639,8.9806,6.6899,-1
-0.61502,-0.56892,-0.6768,15.547,8.9146,6.6548,-1
-0.60219,-0.55217,-0.66911,15.521,8.895,6.6516,-1
-0.60392,-0.55769,-0.66611,15.587,8.9527,6.6568,-1
-0.60627,-0.55587,-0.67303,15.126,8.6328,6.5186,-1
-0.60348,-0.55632,-0.66689,15.447,8.8702,6.5996,-1
-0.60229,-0.55352,-0.66779,15.417,8.8503,6.5915,-1
-0.60696,-0.56268,-0.66702,15.676,9.0341,6.6625,-1
-0.59497,-0.5494,-0.65715,15.784,9.1205,6.6863,-1
-0.60126,-0.55462,-0.66425,15.501,8.919,6.6053,-1
-0.59796,-0.55087,-0.6624,15.626,9.0416,6.6079,-1
-0.61202,-0.56842,-0.67242,15.976,9.2901,6.7074,-1
-0.60461,-0.56087,-0.66527,15.996,9.3047,6.7123,-1
-0.60202,-0.55976,-0.66099,16.121,9.4017,6.7398,-1
-0.61925,-0.57994,-0.67388,16.028,9.331,6.714,-1
-0.6074,-0.56777,-0.6624,15.816,9.2005,6.6331,-1
-0.60153,-0.55972,-0.65986,15.951,9.3022,6.6684,-1
-0.6222,-0.58532,-0.67337,15.897,9.2463,6.6655,-1
-0.60542,-0.56398,-0.66294,15.773,9.1786,6.6133,-1
-0.59767,-0.55948,-0.65158,16.045,9.4007,6.6607,-1
-0.61423,-0.57856,-0.66425,15.898,9.2889,6.6229,-1
-0.62797,-0.59417,-0.67559,16.013,9.3731,6.6533,-1
-0.61532,-0.57795,-0.66805,16.062,9.4086,6.669,-1
-0.60702,-0.57066,-0.65946,16.427,9.7104,6.7328,-1
-0.60613,-0.56772,-0.66068,15.972,9.3814,6.607,-1
-0.61702,-0.5826,-0.66621,16.034,9.4396,6.6079,-1
-0.60073,-0.5628,-0.65517,16.155,9.5312,6.6409,-1
-0.59634,-0.55872,-0.65124,16.558,9.8341,6.7415,-1
-0.58928,-0.55042,-0.64539,16.285,9.6309,6.672,-1
-0.59406,-0.55396,-0.6511,16.092,9.4577,6.6524,-1
-0.57429,-0.53013,-0.63738,16.135,9.5025,6.6546,-1
-0.58883,-0.54687,-0.64848,15.901,9.3446,6.576,-1
-0.60574,-0.56886,-0.65839,15.95,9.3866,6.5785,-1
-0.59359,-0.55166,-0.65244,15.664,9.157,6.5267,-1
-0.5905,-0.54909,-0.64901,15.878,9.3074,6.5901,-1
-0.59907,-0.55833,-0.65631,15.797,9.2391,6.5763,-1
-0.60115,-0.5538,-0.66619,15.329,8.8837,6.4693,-1
-0.59372,-0.54605,-0.65936,15.583,9.0393,6.5677,-1
-0.59336,-0.54757,-0.65683,15.765,9.1696,6.6186,-1
-0.58391,-0.53571,-0.6501,15.459,8.9582,6.526,-1
-0.60078,-0.55606,-0.66215,15.347,8.8895,6.4788,-1
-0.58147,-0.53088,-0.65058,15.205,8.7932,6.4389,-1
-0.58075,-0.52865,-0.65136,15.097,8.702,6.4228,-1
-0.58578,-0.53426,-0.65539,14.986,8.6266,6.3862,-1
-0.57163,-0.52079,-0.64077,14.912,8.607,6.3308,-1
-0.5795,-0.53117,-0.64469,14.81,8.5163,6.317,-1
-0.57735,-0.52752,-0.64395,14.543,8.332,6.2347,-1
-0.5869,-0.53714,-0.65331,14.551,8.331,6.2445,-1
-0.59403,-0.54179,-0.66345,14.431,8.2474,6.2094,-1
-0.59563,-0.54318,-0.66553,14.671,8.3951,6.3025,-1
-0.59607,-0.54328,-0.66662,14.724,8.4361,6.315,-1
-0.58877,-0.53664,-0.65875,14.817,8.5061,6.3376,-1
-0.60104,-0.54872,-0.67072,14.805,8.4706,6.3614,-1
-0.5922,-0.53644,-0.66583,14.502,8.2685,6.2634,-1
-0.58705,-0.53162,-0.66097,14.88,8.5197,6.391,-1
-0.59423,-0.54266,-0.66323,14.888,8.5336,6.3807,-1
-0.60703,-0.55851,-0.6718,14.952,8.5608,6.4144,-1
-0.61439,-0.57015,-0.67386,15.163,8.7059,6.4772,-1
-0.61298,-0.56537,-0.67675,15.004,8.603,6.4242,-1
-0.57965,-0.52384,-0.65406,14.867,8.5117,6.3859,-1
-0.58563,-0.53318,-0.65572,15.002,8.5956,6.4345,-1
-0.59017,-0.54084,-0.65622,15.058,8.6331,6.4495,-1
-0.58448,-0.53456,-0.65064,14.819,8.4591,6.3845,-1
-0.58367,-0.53596,-0.64743,15.039,8.6141,6.4481,-1
-0.60305,-0.55934,-0.66176,15.186,8.7153,6.4901,-1
-0.59767,-0.55386,-0.65705,15.3,8.8149,6.5055,-1
-0.602,-0.5613,-0.65749,15.499,8.9507,6.5657,-1
-0.60538,-0.56692,-0.65788,15.513,8.9607,6.5676,-1
-0.60336,-0.56626,-0.65401,15.479,8.9414,6.552,-1
-0.59404,-0.55352,-0.64951,15.583,9.0141,6.5865,-1
-0.61143,-0.57036,-0.66672,15.422,8.8589,6.581,-1
-0.60281,-0.55864,-0.66244,15.533,8.9338,6.62,-1
-0.60062,-0.55516,-0.66195,15.474,8.8988,6.5969,-1
-0.59575,-0.54488,-0.66378,15.36,8.8021,6.5846,-1
-0.59368,-0.54439,-0.65996,15.365,8.8259,6.564,-1
-0.60049,-0.55471,-0.66289,15.586,9.0019,6.6065,-1
-0.62002,-0.57937,-0.67556,15.658,9.0489,6.6266,-1
-0.61791,-0.57371,-0.67801,15.823,9.128,6.7165,-1
-0.62639,-0.58093,-0.68754,15.631,8.9773,6.6756,-1
-0.59939,-0.54857,-0.66712,15.453,8.8433,6.636,-1
-0.59636,-0.54205,-0.66862,15.528,8.8807,6.6775,-1
-0.60471,-0.55219,-0.67455,15.453,8.8353,6.6463,-1
-0.58702,-0.53332,-0.6581,15.292,8.7259,6.5949,-1
-0.50342,-0.44241,-0.59101,17.628,10.415,7.2598,1
-0.50007,-0.43837,-0.5881,17.316,10.205,7.1581,1
-0.51497,-0.4552,-0.60105,17.666,10.451,7.2608,1
-0.49629,-0.43366,-0.58688,17.523,10.386,7.1864,1
-0.48978,-0.42749,-0.57964,17.359,10.278,7.1292,1
-0.48341,-0.41976,-0.575,17.421,10.306,7.1659,1
-0.49014,-0.42829,-0.57932,17.517,10.369,7.1963,1
-0.49781,-0.43706,-0.58483,17.455,10.304,7.1979,1
-0.49284,-0.42883,-0.58424,17.286,10.193,7.1436,1
-0.49949,-0.43876,-0.58745,17.65,10.466,7.2308,1
-0.50574,-0.44661,-0.59133,17.58,10.42,7.2048,1
-0.50761,-0.44709,-0.5944,17.39,10.269,7.1662,1
-0.5133,-0.45292,-0.59975,17.402,10.27,7.1781,1
-0.52098,-0.46213,-0.6052,17.484,10.315,7.212,1
-0.49077,-0.42695,-0.58177,17.216,10.147,7.1195,1
-0.4968,-0.43576,-0.58384,17.178,10.122,7.102,1
-0.52101,-0.46584,-0.59878,16.861,9.8836,7.0139,1
-0.52028,-0.46715,-0.59555,17.003,9.9857,7.0517,1
-0.53245,-0.47945,-0.60733,16.94,9.9363,7.0372,1
-0.52015,-0.46337,-0.60071,17.127,10.068,7.099,1
-0.52549,-0.47005,-0.60351,17.028,9.9734,7.0912,1
-0.52561,-0.47295,-0.60039,17.215,10.118,7.1301,1
-0.52096,-0.46701,-0.59695,16.993,9.9553,7.0723,1
-0.53219,-0.4809,-0.6049,17.202,10.105,7.1296,1
-0.53137,-0.48055,-0.60299,17.051,9.991,7.0912,1
-0.5219,-0.46939,-0.5962,17.203,10.097,7.1396,1
-0.52088,-0.46963,-0.59343,17.193,10.093,7.1325,1
-0.51319,-0.45921,-0.58883,16.955,9.9127,7.077,1
-0.50738,-0.45365,-0.58245,16.975,9.9108,7.0985,1
-0.50979,-0.45752,-0.58322,17.05,9.9772,7.1053,1
-0.50972,-0.45747,-0.58312,17.13,10.024,7.1388,1
-0.52193,-0.47261,-0.59171,17.31,10.157,7.1823,1
-0.51707,-0.46731,-0.58672,17.048,9.9592,7.1184,1
-0.51214,-0.4604,-0.5846,16.936,9.8975,7.0704,1
-0.50537,-0.45336,-0.57809,16.636,9.7168,6.9511,1
-0.51231,-0.46301,-0.58159,16.825,9.8442,7.0097,1
-0.50442,-0.45237,-0.57766,16.745,9.8058,6.971,1
-0.52397,-0.47633,-0.59104,16.788,9.8291,6.9858,1
-0.50962,-0.45719,-0.58346,16.714,9.791,6.9555,1
-0.50874,-0.45613,-0.58285,16.769,9.8247,6.9766,1
-0.50799,-0.45589,-0.58129,16.698,9.7766,6.953,1
-0.50612,-0.4538,-0.57925,16.689,9.7458,6.9756,1
-0.51161,-0.4625,-0.58094,17,9.9667,7.0619,1
-0.52075,-0.47373,-0.58659,16.81,9.8211,7.0146,1
-0.51089,-0.46283,-0.57884,16.953,9.9448,7.0361,1
-0.5201,-0.47406,-0.58503,16.844,9.8691,7.0003,1
-0.50609,-0.45502,-0.57857,16.905,9.934,7.0022,1
-0.50195,-0.45165,-0.57295,16.596,9.7295,6.8961,1
-0.48941,-0.437,-0.56309,16.501,9.6587,6.8739,1
-0.50141,-0.45375,-0.56928,16.879,9.9313,6.9753,1
-0.5073,-0.46086,-0.57435,17.11,10.123,7.0139,1
-0.50037,-0.45064,-0.57145,16.722,9.8541,6.8975,1
-0.48443,-0.42933,-0.56216,16.345,9.5837,6.7959,1
-0.4919,-0.43827,-0.56779,16.59,9.738,6.8858,1
-0.50158,-0.44848,-0.57612,16.48,9.6419,6.8705,1
-0.49879,-0.44408,-0.57563,16.376,9.5838,6.8269,1
-0.5028,-0.44712,-0.58078,16.317,9.5388,6.8136,1
-0.49643,-0.44307,-0.57198,16.605,9.7499,6.8889,1
-0.49221,-0.43492,-0.57121,15.917,9.2454,6.7073,1
-0.49648,-0.44193,-0.57218,16.1,9.3754,6.7576,1
-0.50276,-0.44948,-0.57606,15.938,9.2457,6.7236,1
-0.4922,-0.43519,-0.57051,15.857,9.1955,6.6972,1
-0.50218,-0.44571,-0.57922,15.951,9.2235,6.7625,1
-0.49728,-0.44245,-0.57311,16.219,9.43,6.8226,1
-0.50898,-0.4587,-0.57945,16.701,9.7632,6.9676,1
-0.51005,-0.45916,-0.5813,16.642,9.724,6.9477,1
-0.51051,-0.45755,-0.58427,16.469,9.6028,6.898,1
-0.51334,-0.46188,-0.5845,16.351,9.5056,6.8754,1
-0.52864,-0.48186,-0.59383,16.482,9.6083,6.8988,1
-0.53209,-0.48473,-0.59845,16.524,9.6559,6.8938,1
-0.52205,-0.47237,-0.5919,16.647,9.7434,6.9329,1
-0.52575,-0.47528,-0.59608,16.445,9.5896,6.8845,1
-0.52263,-0.46994,-0.59549,16.272,9.4599,6.8433,1
-0.53504,-0.48347,-0.6058,16.094,9.3242,6.7987,1
-0.53961,-0.48978,-0.60822,16.334,9.4763,6.8856,1
-0.52437,-0.47204,-0.59638,16.359,9.4899,6.8999,1
-0.53911,-0.49193,-0.60479,16.529,9.6319,6.9231,1
-0.53188,-0.48599,-0.59585,16.467,9.6015,6.8901,1
-0.52251,-0.47433,-0.58947,16.368,9.5336,6.8612,1
-0.51653,-0.46623,-0.58626,16.451,9.5714,6.9081,1
-0.517,-0.46889,-0.58399,16.765,9.7718,7.0205,1
-0.50325,-0.4546,-0.57095,16.797,9.7883,7.0366,1
-0.50852,-0.45904,-0.57626,16.312,9.4413,6.8986,1
-0.49554,-0.44504,-0.56597,16.704,9.7441,6.9899,1
-0.5001,-0.451,-0.56798,16.44,9.5544,6.9135,1
-0.52646,-0.48307,-0.58599,16.441,9.5203,6.9416,1
-0.50877,-0.46436,-0.56955,16.342,9.4547,6.9092,1
-0.52541,-0.48276,-0.58346,16.248,9.3766,6.8912,1
-0.5162,-0.47177,-0.57674,16.28,9.4008,6.9013,1
-0.49998,-0.44967,-0.568,16.189,9.3205,6.896,1
-0.50292,-0.45284,-0.57049,16.143,9.2857,6.8847,1
-0.49164,-0.43814,-0.56369,16.027,9.2131,6.8447,1
-0.48877,-0.43553,-0.56174,16.424,9.5135,6.9427,1
-0.49063,-0.43768,-0.56328,16.431,9.5216,6.941,1
-0.48951,-0.43502,-0.56404,16.265,9.4133,6.885,1
-0.47521,-0.41748,-0.55455,16.379,9.5005,6.9158,1
-0.47342,-0.41646,-0.55171,16.202,9.3976,6.8407,1
-0.47732,-0.42121,-0.55396,16.309,9.4338,6.91,1
-0.48948,-0.43463,-0.5648,16.491,9.5597,6.9656,1
-0.4792,-0.42191,-0.55737,16.401,9.4841,6.9534,1
-0.46881,-0.41156,-0.54767,16.716,9.7044,7.0496,1
-0.46499,-0.40683,-0.54439,16.396,9.4835,6.9506,1
-0.469,-0.41472,-0.54389,16.708,9.7054,7.037,1
-0.45174,-0.39322,-0.53314,16.954,9.8846,7.1094,1
-0.47803,-0.42486,-0.55128,17.021,9.8794,7.1752,1
-0.46733,-0.41074,-0.54485,16.856,9.7621,7.1306,1
-0.47053,-0.41432,-0.54772,17.034,9.8759,7.1951,1
-0.47674,-0.42449,-0.54868,17.104,9.9256,7.2109,1
-0.48933,-0.43763,-0.56042,17.148,9.9444,7.2353,1
-0.47519,-0.42017,-0.55053,17.044,9.8687,7.2105,1
-0.46753,-0.41121,-0.54568,17.244,10.041,7.2411,1
-0.48089,-0.42687,-0.55543,17.066,9.912,7.1881,1
-0.45903,-0.40079,-0.53928,16.929,9.8314,7.1374,1
-0.47107,-0.41937,-0.54342,17.491,10.219,7.3046,1
-0.4574,-0.40063,-0.53608,17.084,9.9442,7.1781,1
-0.47761,-0.42498,-0.55097,17.331,10.108,7.2564,1
-0.48424,-0.43213,-0.55694,17.559,10.245,7.3473,1
-0.47841,-0.42541,-0.55207,17.473,10.18,7.3276,1
-0.48462,-0.4328,-0.5555,17.037,9.8587,7.21,1
-0.48722,-0.43907,-0.5539,17.545,10.204,7.3697,1
-0.49652,-0.45144,-0.55847,17.387,10.076,7.3356,1
-0.48892,-0.44176,-0.55357,17.347,10.044,7.3291,1
-0.48828,-0.43954,-0.55484,17.302,10.002,7.3278,1
-0.48821,-0.44232,-0.55199,17.961,10.459,7.5287,1
-0.47816,-0.42924,-0.54555,17.706,10.274,7.4608,1
-0.46812,-0.41922,-0.53552,17.541,10.181,7.3891,1
-0.4858,-0.44169,-0.54665,17.535,10.179,7.3796,1
-0.47348,-0.42693,-0.53809,17.745,10.329,7.443,1
-0.48436,-0.43813,-0.54858,17.817,10.374,7.4693,1
-0.47333,-0.42471,-0.54062,17.828,10.365,7.4915,1
-0.46948,-0.41929,-0.53929,18.036,10.51,7.5578,1
-0.47351,-0.4229,-0.54376,18.039,10.501,7.5696,1
-0.48908,-0.44277,-0.55362,18.284,10.659,7.6519,1
-0.47297,-0.42569,-0.53886,18.266,10.649,7.6449,1
-0.50301,-0.46236,-0.55823,17.649,10.176,7.4936,1
-0.49784,-0.45434,-0.55621,17.408,9.9873,7.4425,1
-0.4986,-0.45242,-0.56025,17.417,9.9716,7.4705,1
-0.50814,-0.46339,-0.56776,17.284,9.8855,7.4212,1
-0.51557,-0.47178,-0.57412,17.419,9.9771,7.4638,1
-0.51171,-0.46522,-0.57366,17.472,9.9944,7.5032,1
-0.50837,-0.45927,-0.57339,17.339,9.8936,7.4733,1
-0.51335,-0.46642,-0.57578,17.291,9.8835,7.4324,1
-0.49462,-0.44246,-0.56467,17.692,10.158,7.5667,1
-0.50663,-0.45818,-0.57193,17.604,10.12,7.5119,1
-0.49415,-0.44307,-0.56237,17.433,9.9845,7.4787,1
-0.48042,-0.42422,-0.55501,17.21,9.8334,7.4127,1
-0.48994,-0.43428,-0.56361,17.25,9.8444,7.4415,1
-0.48189,-0.4251,-0.55737,17.252,9.8644,7.4244,1
-0.479,-0.42141,-0.5553,17.134,9.7838,7.3875,1
-0.48129,-0.42341,-0.55768,17.009,9.6958,7.3505,1
-0.48123,-0.42571,-0.55534,17.232,9.8699,7.3971,1
-0.48981,-0.43604,-0.56079,16.964,9.6689,7.3271,1
-0.49105,-0.43612,-0.56333,16.829,9.5789,7.2834,1
-0.50244,-0.45082,-0.5709,17.158,9.7982,7.3897,1
-0.49966,-0.44425,-0.57256,17.082,9.724,7.3922,1
-0.48511,-0.428,-0.56139,17.359,9.9463,7.4502,1
-0.48307,-0.42558,-0.56053,17.751,10.21,7.581,1
-0.47589,-0.41689,-0.55542,17.738,10.204,7.575,1
-0.47154,-0.41305,-0.55137,18.101,10.468,7.6751,1
-0.47546,-0.41732,-0.55309,17.525,10.041,7.5242,1
-0.47859,-0.42194,-0.5551,17.884,10.296,7.6268,1
-0.48827,-0.4352,-0.56011,18.101,10.429,7.7072,1
-0.50103,-0.45358,-0.56499,18.12,10.417,7.7308,1
-0.50078,-0.45276,-0.56598,18.361,10.588,7.8017,1
-0.49415,-0.44657,-0.55784,17.975,10.304,7.6988,1
-0.48779,-0.43948,-0.55325,18.53,10.677,7.8829,1
-0.47561,-0.42462,-0.5447,18.644,10.744,7.9331,1
-0.48823,-0.43807,-0.55579,18.632,10.709,7.9547,1
-0.48354,-0.43157,-0.55354,18.658,10.725,7.9663,1
-0.49034,-0.43852,-0.5602,18.681,10.744,7.9712,1
-0.48075,-0.42827,-0.55166,18.494,10.646,7.8828,1
-0.49581,-0.44648,-0.56174,18.204,10.428,7.8059,1
-0.49139,-0.44143,-0.55825,18.039,10.339,7.7299,1
-0.48319,-0.42936,-0.5537,17.469,9.923,7.5795,1
-0.49001,-0.43846,-0.55723,17.418,9.8731,7.5756,1
-0.49556,-0.44303,-0.56329,17.323,9.7727,7.5811,1
-0.48415,-0.42732,-0.55681,17.067,9.5958,7.5068,1
-0.49352,-0.44257,-0.55949,17.447,9.8606,7.6161,1
-0.46452,-0.40476,-0.54138,17.108,9.6452,7.5017,1
-0.47585,-0.42044,-0.54755,17.342,9.7997,7.5767,1
-0.47174,-0.41412,-0.54618,17.383,9.8179,7.6028,1
-0.48355,-0.42784,-0.55428,17.007,9.5316,7.5088,1
-0.47351,-0.41533,-0.54786,17.187,9.6618,7.5625,1
-0.4788,-0.4239,-0.54882,17.127,9.6165,7.5436,1
-0.48612,-0.43058,-0.55706,17.074,9.5938,7.5138,1
-0.47284,-0.41301,-0.55107,17.512,9.9439,7.6087,1
-0.45967,-0.39687,-0.54121,17.353,9.8255,7.5723,1
-0.47185,-0.4105,-0.55093,17.202,9.7085,7.5352,1
-0.4761,-0.41764,-0.55163,17.287,9.7649,7.5606,1
-0.47973,-0.42205,-0.55419,17.194,9.708,7.5225,1
-0.46819,-0.40701,-0.54684,17.051,9.6126,7.48,1
-0.46956,-0.41029,-0.54561,16.993,9.5708,7.4606,1
-0.47012,-0.41332,-0.54345,17.092,9.651,7.4767,1
-0.46769,-0.41147,-0.54028,17.136,9.6752,7.4958,1
-0.46149,-0.40287,-0.53699,17.048,9.6167,7.4693,1
-0.47722,-0.4222,-0.54882,17.388,9.85,7.5721,1
-0.47522,-0.41936,-0.54733,17.037,9.6177,7.4533,1
-0.47196,-0.41694,-0.5437,17.177,9.7395,7.4719,1
-0.46758,-0.41312,-0.53881,17.091,9.7036,7.4201,1
-0.45344,-0.39391,-0.53117,16.956,9.6223,7.3735,1
-0.45914,-0.40109,-0.53492,17.102,9.7029,7.4365,1
-0.4528,-0.39264,-0.53168,17.188,9.7721,7.4572,1
-0.45919,-0.40022,-0.53689,17.272,9.8403,7.4713,1
-0.44783,-0.38406,-0.53142,17.008,9.6714,7.3819,1
-0.44747,-0.38279,-0.53297,17.279,9.8628,7.4645,1
-0.44857,-0.38754,-0.5293,17.325,9.8883,7.479,1
-0.45056,-0.39092,-0.52922,17.108,9.752,7.3963,1
-0.44673,-0.38664,-0.52557,17.05,9.6965,7.3936,1
-0.46434,-0.40935,-0.53653,17.338,9.8596,7.5126,1
-0.45984,-0.40296,-0.53378,16.986,9.6185,7.403,1
-0.4582,-0.40089,-0.53248,16.881,9.5484,7.3688,1
-0.46083,-0.40377,-0.5349,16.985,9.6126,7.4086,1
-0.47157,-0.41516,-0.54463,17.151,9.6976,7.4886,1
-0.47519,-0.41863,-0.54798,16.965,9.5647,7.4356,1
-0.46424,-0.4071,-0.53854,17.198,9.741,7.494,1
-0.45115,-0.39073,-0.52904,16.895,9.5351,7.3999,1
-0.47574,-0.42048,-0.54773,17.188,9.7418,7.4803,1
-0.4551,-0.39377,-0.5343,16.873,9.5298,7.3841,1
-0.472,-0.41551,-0.54562,17.245,9.7773,7.5041,1
-0.46116,-0.40229,-0.53744,17.023,9.6286,7.4327,1
-0.45133,-0.3924,-0.52799,17.007,9.6353,7.41,1
-0.46632,-0.41206,-0.53702,17.126,9.7074,7.4519,1
-0.46775,-0.41396,-0.53829,17.226,9.7913,7.4673,1
-0.46474,-0.40619,-0.54074,16.899,9.565,7.3716,1
-0.45395,-0.39471,-0.53148,16.991,9.6527,7.3777,1
-0.46284,-0.40452,-0.53909,17.137,9.7297,7.445,1
-0.46609,-0.40878,-0.54018,16.88,9.5364,7.3793,1
-0.4673,-0.41275,-0.53808,16.944,9.5862,7.3904,1
-0.46926,-0.41468,-0.54021,17.086,9.6748,7.4445,1
-0.47855,-0.42824,-0.54423,17.165,9.7346,7.4592,1
-0.47798,-0.42867,-0.54351,17.549,10.029,7.5487,1
-0.4966,-0.4509,-0.55713,17.542,10.008,7.5584,1
-0.48975,-0.44419,-0.55014,17.697,10.1,7.6216,1
-0.49073,-0.44435,-0.55202,17.575,10.017,7.5826,1
-0.51118,-0.4697,-0.56632,17.91,10.232,7.6985,1
-0.51126,-0.46918,-0.56716,17.874,10.209,7.686,1
-0.50161,-0.45684,-0.56094,17.804,10.159,7.6688,1
-0.50189,-0.45919,-0.559,18.003,10.314,7.7112,1
-0.50149,-0.45879,-0.55856,18.09,10.359,7.7529,1
-0.49216,-0.44834,-0.55071,17.913,10.258,7.6784,1
-0.50158,-0.45941,-0.55789,17.957,10.279,7.6996,1
-0.49995,-0.45772,-0.55606,17.698,10.109,7.6099,1
-0.50126,-0.46103,-0.55496,17.866,10.224,7.6615,1
-0.50853,-0.46823,-0.56245,17.942,10.278,7.6834,1
-0.49606,-0.45346,-0.55333,18.036,10.354,7.7037,1
-0.50819,-0.46857,-0.56098,17.699,10.12,7.5978,1
-0.49496,-0.45553,-0.548,18.021,10.346,7.6943,1
-0.50089,-0.46231,-0.55282,18.152,10.425,7.7452,1
-0.49223,-0.45178,-0.54662,17.994,10.33,7.6837,1
-0.48421,-0.43909,-0.54483,17.991,10.327,7.6885,1
-0.48452,-0.44065,-0.54398,18.087,10.42,7.6901,1
-0.49715,-0.45659,-0.55191,17.901,10.295,7.6255,1
-0.49259,-0.45318,-0.54623,17.994,10.384,7.6294,1
-0.49636,-0.45836,-0.54799,17.878,10.307,7.5889,1
-0.48477,-0.44412,-0.53966,17.65,10.15,7.519,1
-0.47946,-0.43881,-0.53545,18.056,10.472,7.604,1
-0.47956,-0.43766,-0.53661,17.671,10.2,7.4929,1
-0.49213,-0.45362,-0.54437,17.577,10.128,7.4666,1
-0.4851,-0.44436,-0.53976,17.184,9.8564,7.3469,1
-0.47071,-0.42839,-0.52708,17.035,9.7392,7.3158,1
-0.48754,-0.4469,-0.54119,16.935,9.6443,7.309,1
-0.48408,-0.44373,-0.53759,17.098,9.7565,7.3596,1
-0.48131,-0.44026,-0.53583,17.128,9.7813,7.3655,1
-0.49385,-0.45255,-0.54789,16.905,9.5912,7.3329,1
-0.50514,-0.46669,-0.55537,16.939,9.6022,7.3531,1
-0.51056,-0.47341,-0.55927,16.97,9.6354,7.3503,1
-0.51217,-0.47354,-0.56236,16.826,9.5173,7.3248,1
-0.5032,-0.46177,-0.55737,17.075,9.6848,7.409,1
-0.50682,-0.46565,-0.55996,16.818,9.4849,7.3512,1
-0.48652,-0.44132,-0.54482,16.616,9.3709,7.2671,1
-0.48318,-0.43975,-0.53975,16.839,9.5373,7.3228,1
-0.50111,-0.46206,-0.55249,17.095,9.7219,7.3907,1
-0.47675,-0.43117,-0.53608,16.807,9.5165,7.313,1
-0.47937,-0.43544,-0.53728,17.288,9.8413,7.4685,1
-0.48177,-0.43811,-0.53957,17.304,9.8687,7.4574,1
-0.4713,-0.42546,-0.53194,17.312,9.8724,7.4633,1
-0.49208,-0.45282,-0.54405,17.155,9.7815,7.3914,1
-0.49519,-0.45574,-0.54771,17.342,9.9118,7.4479,1
-0.48556,-0.44452,-0.53977,17.166,9.7798,7.4049,1
-0.4981,-0.45464,-0.55453,16.745,9.4693,7.2966,1
-0.49496,-0.44986,-0.55352,16.772,9.486,7.308,1
-0.49123,-0.44483,-0.55143,16.817,9.5088,7.3317,1
-0.49135,-0.4452,-0.55099,16.667,9.4082,7.2817,1
-0.48816,-0.44191,-0.54854,16.96,9.6175,7.3663,1
-0.48962,-0.44352,-0.55,17.074,9.6947,7.4033,1
-0.47424,-0.42782,-0.53589,17.323,9.8944,7.4532,1
-0.48996,-0.44475,-0.54891,16.898,9.5758,7.3449,1
-0.4701,-0.42325,-0.53244,17.362,9.9262,7.4611,1
-0.49563,-0.45255,-0.55253,17.182,9.7899,7.4131,1
-0.49049,-0.44667,-0.54845,17.064,9.7293,7.3569,1
-0.49664,-0.45522,-0.55235,17.531,10.066,7.4846,1
-0.49888,-0.45999,-0.55135,17.458,10.036,7.4402,1
-0.50255,-0.46532,-0.55335,17.556,10.14,7.4324,1
-0.50982,-0.47322,-0.55966,17.433,10.061,7.3886,1
-0.51024,-0.47284,-0.56073,17.247,9.9156,7.3472,1
-0.51821,-0.48293,-0.56562,17.151,9.8416,7.3241,1
-0.51109,-0.47503,-0.5607,17.689,10.25,7.4547,1
-0.53101,-0.50175,-0.57133,17.689,10.255,7.4439,1
-0.52826,-0.49826,-0.5693,17.443,10.081,7.3725,1
-0.5236,-0.49245,-0.56643,17.635,10.216,7.4307,1
-0.52216,-0.49111,-0.56455,17.315,9.9989,7.3271,1
-0.51878,-0.48661,-0.5627,17.325,10.005,7.332,1
-0.52624,-0.49399,-0.56991,17.201,9.9005,7.3124,1
-0.52787,-0.49424,-0.57362,17.425,10.05,7.3885,1
-0.53749,-0.50664,-0.57901,17.198,9.8739,7.3355,1
-0.52739,-0.49529,-0.57066,17.215,9.8907,7.3367,1
-0.53065,-0.49775,-0.57526,17.446,10.049,7.4106,1
-0.52815,-0.49716,-0.57002,17.424,10.02,7.4148,1
-0.53296,-0.50536,-0.57032,17.496,10.067,7.438,1
-0.52833,-0.50058,-0.56631,17.726,10.248,7.4878,1
-0.54695,-0.52436,-0.57803,17.963,10.405,7.5637,1
-0.55814,-0.53832,-0.58521,17.654,10.195,7.463,1
-0.54633,-0.52396,-0.57704,17.727,10.26,7.4727,1
-0.53968,-0.51545,-0.57273,17.607,10.161,7.4529,1
-0.54269,-0.51922,-0.57464,17.455,10.067,7.3954,1
-0.50825,-0.47635,-0.55162,17.295,9.9717,7.3352,1
-0.52596,-0.49716,-0.56482,17.182,9.8736,7.3176,1
-0.53659,-0.51114,-0.57111,17.317,9.9734,7.3509,1
-0.52025,-0.49103,-0.5601,17.403,10.048,7.3648,1
-0.51286,-0.48195,-0.55454,17.166,9.8633,7.3141,1
-0.51963,-0.49168,-0.5573,17.066,9.8021,7.2733,1
-0.52805,-0.50317,-0.5619,17.381,10.022,7.367,1
-0.52331,-0.49688,-0.55881,16.97,9.7335,7.2449,1
-0.53897,-0.51854,-0.56657,17.024,9.7873,7.241,1
-0.52643,-0.50165,-0.55941,16.675,9.5246,7.1575,1
-0.54037,-0.51665,-0.57221,17.002,9.7466,7.2615,1
-0.54266,-0.51931,-0.5741,17.072,9.7983,7.2794,1
-0.53629,-0.51136,-0.56947,16.755,9.5706,7.1916,1
-0.54105,-0.51858,-0.57116,17.087,9.7886,7.304,1
-0.56968,-0.55454,-0.59003,17.152,9.8381,7.3166,1
-0.56522,-0.54989,-0.58541,16.583,9.4272,7.1583,1
-0.56866,-0.55518,-0.58655,16.596,9.4644,7.1334,1
-0.57707,-0.5658,-0.59208,16.604,9.4847,7.1206,1
-0.58511,-0.57773,-0.59504,16.845,9.6616,7.1845,1
-0.57204,-0.56314,-0.58381,16.524,9.4111,7.1138,1
-0.57496,-0.56483,-0.58837,16.61,9.4614,7.1494,1
-0.5723,-0.55966,-0.58908,16.769,9.5669,7.2044,1
-0.57123,-0.55928,-0.58711,16.719,9.538,7.1829,1
-0.56341,-0.55026,-0.58071,16.536,9.3936,7.1447,1
-0.59011,-0.58461,-0.5973,16.449,9.3219,7.1271,1
-0.58986,-0.58011,-0.6027,16.757,9.5243,7.2335,1
-0.57915,-0.56862,-0.59284,16.406,9.2737,7.1338,1
-0.57277,-0.56125,-0.58775,16.471,9.3143,7.1583,1
-0.57931,-0.5695,-0.59194,16.254,9.1512,7.1035,1
-0.56449,-0.55009,-0.58315,16.384,9.2492,7.1372,1
-0.57941,-0.57084,-0.59087,17.144,9.806,7.3389,1
-0.58931,-0.58215,-0.5987,16.698,9.4788,7.2195,1
-0.58814,-0.57788,-0.60168,16.896,9.6086,7.2882,1
-0.57788,-0.56636,-0.59318,16.949,9.6703,7.2803,1
-0.57951,-0.56894,-0.59328,16.472,9.3157,7.1575,1
-0.57009,-0.55868,-0.58503,16.555,9.3876,7.1684,1
-0.58091,-0.57517,-0.58847,16.772,9.5436,7.2285,1
-0.59916,-0.59679,-0.60226,16.511,9.3424,7.1684,1
-0.60538,-0.60249,-0.60918,16.98,9.6601,7.3204,1
-0.6124,-0.61297,-0.61166,16.865,9.5834,7.282,1
-0.61132,-0.61134,-0.61128,16.937,9.6242,7.3131,1
-0.60842,-0.60684,-0.61049,16.786,9.5065,7.2793,1
-0.60454,-0.59968,-0.61084,16.779,9.4729,7.3061,1
-0.62051,-0.61897,-0.62251,17.037,9.6393,7.3973,1
-0.61738,-0.61576,-0.6195,17.187,9.7435,7.4437,1
-0.62353,-0.6223,-0.62517,17.449,9.9468,7.5024,1
-0.63216,-0.63336,-0.63056,17.458,9.9517,7.5061,1
-0.61638,-0.61424,-0.61918,17.272,9.8072,7.4653,1
-0.62577,-0.62776,-0.62312,17.499,9.9778,7.521,1
-0.61407,-0.61479,-0.61311,17.451,9.9393,7.5113,1
-0.61442,-0.61469,-0.61405,17.514,10.002,7.5122,1
-0.59963,-0.5972,-0.60291,17.856,10.246,7.6102,1
-0.60358,-0.59968,-0.6088,17.516,10.024,7.492,1
-0.60031,-0.59934,-0.60161,17.738,10.185,7.5532,1
-0.5929,-0.58939,-0.59766,17.943,10.322,7.6209,1
-0.59542,-0.59134,-0.60091,17.767,10.207,7.5605,1
-0.59273,-0.58955,-0.59702,17.722,10.171,7.5513,1
-0.57842,-0.57063,-0.5889,17.775,10.189,7.5867,1
-0.57814,-0.56892,-0.5905,17.857,10.232,7.626,1
-0.57383,-0.5646,-0.58635,17.964,10.337,7.6278,1
-0.59121,-0.5879,-0.59573,17.957,10.374,7.5836,1
-0.59627,-0.59478,-0.5983,18.07,10.423,7.6472,1
-0.57914,-0.57083,-0.59021,17.531,10.022,7.5105,1
-0.57231,-0.56283,-0.58498,17.407,9.9538,7.4545,1
-0.59076,-0.58557,-0.59771,17.53,10.043,7.4866,1
-0.57062,-0.56047,-0.58416,17.404,9.9533,7.4518,1
-0.56767,-0.55366,-0.58604,16.835,9.5521,7.285,1
-0.58292,-0.57372,-0.59501,16.822,9.551,7.2719,1
-0.57686,-0.56576,-0.59156,17.122,9.7551,7.3687,1
-0.58494,-0.57579,-0.59709,17.274,9.8515,7.4231,1
-0.58489,-0.5777,-0.59441,17.236,9.8241,7.4122,1
-0.57886,-0.56786,-0.59336,17.153,9.7552,7.3991,1
-0.58027,-0.56843,-0.59575,17.014,9.6418,7.3741,1
-0.58074,-0.56814,-0.59723,17.057,9.6699,7.389,1
-0.57959,-0.56851,-0.5942,17.188,9.7747,7.4151,1
-0.58378,-0.57325,-0.59774,17.184,9.7951,7.3906,1
-0.58397,-0.57214,-0.59978,17.329,9.9157,7.4152,1
-0.58939,-0.57827,-0.60416,17.322,9.8856,7.4381,1
-0.57965,-0.56672,-0.59693,17.518,10.018,7.5021,1
-0.58196,-0.57126,-0.59633,17.769,10.18,7.5898,1
-0.57087,-0.55699,-0.58952,17.788,10.199,7.5912,1
-0.56008,-0.5447,-0.58062,17.535,10.029,7.5092,1
-0.5805,-0.57147,-0.5927,17.754,10.201,7.5538,1
-0.57519,-0.56482,-0.58923,17.64,10.146,7.4953,1
-0.56588,-0.5552,-0.58037,17.667,10.167,7.5008,1
-0.57638,-0.57039,-0.58461,17.942,10.377,7.5646,1
-0.55672,-0.54584,-0.5716,17.861,10.315,7.5475,1
-0.57585,-0.5697,-0.58428,17.642,10.206,7.4364,1
-0.55801,-0.55067,-0.56811,17.778,10.295,7.4842,1
-0.56416,-0.55644,-0.57476,17.598,10.18,7.4187,1
-0.57949,-0.5749,-0.58576,17.584,10.157,7.4272,1
-0.57259,-0.56699,-0.58019,17.338,9.9789,7.3595,1
-0.57549,-0.57192,-0.58033,17.395,10.017,7.3774,1
-0.55745,-0.55241,-0.5643,17.443,10.046,7.3972,1
-0.57708,-0.57663,-0.57769,17.068,9.7675,7.3008,1
-0.57732,-0.57618,-0.57882,16.728,9.5128,7.2148,1
-0.56923,-0.56768,-0.57129,17.054,9.7423,7.3121,1
-0.56581,-0.56372,-0.56862,17.165,9.8405,7.3246,1
-0.55446,-0.54931,-0.56136,16.955,9.7087,7.2461,1
-0.55237,-0.54761,-0.55874,16.967,9.7158,7.2516,1
-0.55865,-0.55688,-0.56104,16.892,9.6829,7.2087,1
-0.56108,-0.56051,-0.56184,16.706,9.5235,7.1826,1
-0.5479,-0.54565,-0.55091,16.815,9.6286,7.1862,1
-0.55063,-0.55029,-0.55108,16.982,9.7263,7.2556,1
-0.56088,-0.5612,-0.56046,16.701,9.5077,7.1932,1
-0.57026,-0.57067,-0.56972,16.976,9.6913,7.2842,1
-0.56136,-0.56152,-0.56115,16.812,9.5675,7.2446,1
-0.56991,-0.5727,-0.5662,16.815,9.5831,7.2316,1
-0.56265,-0.56254,-0.5628,16.606,9.4228,7.1827,1
-0.56945,-0.57065,-0.56787,16.569,9.394,7.1753,1
-0.58186,-0.5835,-0.57973,16.407,9.2846,7.1228,1
-0.57303,-0.57134,-0.57521,16.366,9.2356,7.1301,1
-0.57403,-0.57457,-0.57332,16.658,9.4519,7.2059,1
-0.58192,-0.58451,-0.57853,16.515,9.3567,7.1588,1
-0.59574,-0.60467,-0.58399,16.71,9.4983,7.2122,1
-0.59079,-0.5987,-0.58037,16.898,9.6088,7.2895,1
-0.58507,-0.59275,-0.57495,16.98,9.6476,7.3326,1
-0.57757,-0.58238,-0.57124,17.006,9.6575,7.3484,1
-0.58492,-0.59251,-0.57501,16.85,9.5412,7.309,1
-0.59351,-0.60435,-0.5794,16.707,9.4463,7.2615,1
-0.59948,-0.61224,-0.58252,17.098,9.759,7.3413,1
-0.57338,-0.58017,-0.56438,17.078,9.7322,7.3461,1
-0.60898,-0.62523,-0.58754,16.875,9.5999,7.2776,1
-0.59382,-0.60535,-0.57877,16.711,9.466,7.2461,1
-0.59123,-0.60111,-0.5782,16.878,9.6025,7.277,1
-0.59576,-0.6063,-0.58187,16.906,9.6162,7.2915,1
-0.59017,-0.60073,-0.57604,17.204,9.8487,7.3562,1
-0.60609,-0.62162,-0.5852,17.303,9.9258,7.3797,1
-0.60432,-0.6203,-0.58319,16.938,9.6465,7.2947,1
-0.6105,-0.62902,-0.58626,16.748,9.4951,7.2568,1
-0.60747,-0.62468,-0.58504,16.705,9.4532,7.2548,1
-0.61668,-0.63552,-0.59196,16.889,9.5878,7.3047,1
-0.61595,-0.63244,-0.59445,16.652,9.4265,7.2285,1
-0.62788,-0.64756,-0.60215,16.656,9.4393,7.2205,1
-0.61754,-0.63358,-0.59638,16.996,9.6671,7.3314,1
-0.61305,-0.62587,-0.59628,16.724,9.4772,7.2487,1
-0.6219,-0.63609,-0.60321,16.777,9.5378,7.2416,1
-0.60788,-0.61778,-0.59489,16.565,9.3978,7.1681,1
-0.61152,-0.62217,-0.59755,16.613,9.4262,7.1876,1
-0.61507,-0.62633,-0.60031,16.672,9.4582,7.2156,1
-0.60863,-0.61934,-0.59449,16.927,9.6368,7.2918,1
-0.61545,-0.62728,-0.60001,16.622,9.417,7.2063,1
-0.62489,-0.63752,-0.60848,16.384,9.2572,7.1283,1
-0.62815,-0.64229,-0.60993,16.057,9.0416,7.0179,1
-0.60362,-0.61202,-0.5929,15.756,8.8374,6.9194,1
-0.60898,-0.61876,-0.59648,15.857,8.8953,6.9625,1
-0.61131,-0.62065,-0.59942,15.802,8.8475,6.955,1
-0.61693,-0.6297,-0.60077,15.59,8.709,6.8824,1
-0.60666,-0.61432,-0.59687,15.641,8.7683,6.8732,1
-0.61958,-0.62991,-0.60613,16.007,9.052,6.9558,1
-0.6204,-0.63182,-0.6056,15.812,8.927,6.8859,1
-0.60197,-0.60828,-0.59387,15.653,8.7982,6.8549,1
-0.62219,-0.63594,-0.6045,15.821,8.9055,6.9177,1
-0.61155,-0.62291,-0.5971,15.585,8.7265,6.8597,1
-0.61686,-0.62866,-0.60186,15.68,8.7779,6.903,1
-0.5949,-0.60382,-0.58345,15.887,8.9327,6.9547,1
-0.60029,-0.61153,-0.58594,15.737,8.8265,6.9119,1
-0.6138,-0.62998,-0.59294,15.965,8.9955,6.9724,1
-0.61089,-0.62499,-0.59281,15.844,8.9039,6.9424,1
-0.60641,-0.62078,-0.58782,16.004,9.0255,6.9809,1
-0.59974,-0.61257,-0.5832,15.868,8.9374,6.9319,1
-0.61331,-0.63035,-0.59137,15.793,8.8898,6.9061,1
-0.60838,-0.62983,-0.58012,16.411,9.3326,7.0838,1
-0.60772,-0.62739,-0.58172,16.425,9.352,7.0777,1
-0.58543,-0.59855,-0.56807,16.619,9.4634,7.1574,1
-0.58379,-0.59668,-0.56715,16.043,9.0411,7.0041,1
-0.58216,-0.59638,-0.56355,16.265,9.2191,7.0482,1
-0.59646,-0.6133,-0.57475,15.875,8.9429,6.9345,1
-0.59644,-0.61271,-0.57551,15.882,8.9359,6.9489,1
-0.61834,-0.64138,-0.58836,16.259,9.1975,7.0671,1
-0.60762,-0.62764,-0.58157,16.097,9.1038,6.9975,1
-0.60269,-0.62302,-0.5762,16.281,9.2146,7.0712,1
-0.5869,-0.60537,-0.56292,16.188,9.1463,7.0454,1
-0.59604,-0.61547,-0.57111,15.827,8.895,6.936,1
-0.61194,-0.63817,-0.57802,15.86,8.9482,6.9189,1
-0.59894,-0.62381,-0.56719,15.494,8.6912,6.8085,1
-0.59786,-0.62388,-0.56471,15.535,8.7068,6.8345,1
-0.58736,-0.61156,-0.55671,15.503,8.6646,6.8441,1
-0.60944,-0.63708,-0.57427,15.512,8.6891,6.8303,1
-0.59946,-0.62569,-0.56627,15.423,8.6189,6.8103,1
-0.61014,-0.64107,-0.57074,15.534,8.7057,6.8383,1
-0.62938,-0.66515,-0.58359,15.462,8.6878,6.7873,1
-0.63682,-0.67338,-0.59073,15.081,8.4165,6.6771,1
-0.62732,-0.66113,-0.5847,15.155,8.4563,6.7099,1
-0.61471,-0.64175,-0.58064,15.33,8.5496,6.7878,1
