-38.98904796211276,-12.007472763656926
20.0,10.0
26.244613175662202,11.273119372030557
-38.99059832365397,-11.899428881201585
20.0,10.0
26.287911426501353,11.393110262342386
-38.72580012750266,-11.890952202474443
20.0,10.0
25.836750179828094,11.252559665228809
-38.889395317422846,-11.975342741141427
20.0,10.0
26.243864020347907,11.380774171047658
-38.96481676953643,-11.969632205149647
20.0,10.0
26.25122552802881,11.402238177611007
-38.9677337942695,-11.958903315106223
20.0,10.0
26.499686848579607,11.671249561011049
-38.93120109182734,-11.769568490240816
20.0,10.0
26.22452804109337,11.251547325319425
-38.97831213396479,-11.649645171790759
20.0,10.0
26.742773785305573,11.218078183136065
-39.027815622659304,-11.502148532600843
20.0,10.0
26.765251949908716,11.13783078947144
-38.886330458239556,-11.3748948601375
20.0,10.0
26.605514666218355,10.936571848145348
-38.894571071709564,-11.373169935000686
20.0,10.0
26.82475381017825,11.027260464644794
-39.02810529725811,-11.456703379390381
20.0,10.0
26.77597555090682,11.221162831233304
-39.26031682511144,-11.471260706214109
20.0,10.0
27.08253250394062,11.194448429020706
-39.21655390865706,-11.406912247885154
20.0,10.0
27.108070600048137,10.926699764004262
-39.18335756656642,-11.232507321869058
20.0,10.0
26.770556596380665,10.799292302097037
-39.211469166700425,-11.185308119374362
20.0,10.0
26.78765945781838,11.065317420998362
-39.01525198587274,-11.163139527945749
20.0,10.0
26.956461211399358,11.2967627768973
-39.101046253750404,-11.057954807997861
20.0,10.0
27.199715111610608,11.041664403142036
-39.14508043503629,-11.049104310531302
20.0,10.0
27.26563364480039,11.160098544653078
-39.24897608096289,-11.075165644476607
20.0,10.0
27.466976061014904,10.947490801432462
-39.227209496429495,-10.956187856965492
20.0,10.0
27.815265425792305,10.880278698820511
-39.33357012939195,-10.86553869555489
20.0,10.0
28.044355666182902,10.77476902881375
-39.231221562850536,-10.939907954884081
20.0,10.0
27.737807205997342,10.826777502065656
-39.19869864383194,-10.963279348303955
20.0,10.0
27.60930310240777,10.990009772636597
-39.110694794194,-10.86609390707679
20.0,10.0
27.867825951681425,11.248016275396935
-39.1559479395003,-10.8777971170108
20.0,10.0
28.025258066460843,11.212100875581896
-39.151283608232085,-10.901356905353802
20.0,10.0
27.947589640350706,11.453933924551745
-39.29206590289172,-10.76039514202312
20.0,10.0
28.381809426055668,11.063797541804497
-39.47446607296619,-10.848040373241687
20.0,10.0
28.126517863423963,11.339517216717681
-39.42279592589824,-10.845569998082356
20.0,10.0
28.19698458731112,11.025432468118012
-39.420295866656566,-10.743231486621667
20.0,10.0
28.008703776571913,11.23554395205744
-39.245137722347785,-10.679129865578092
20.0,10.0
27.700338311715818,11.03120800837836
-39.29206066843636,-10.552798603454786
20.0,10.0
27.929337762965545,10.980957589512567
-39.2437992690989,-10.632646424379267
20.0,10.0
27.709779867387297,10.924733349452275
-39.319317933018404,-10.699472950904207
20.0,10.0
27.460033194612954,10.697821522686496
-39.40693102054632,-10.688973902006175
20.0,10.0
27.752829971799052,10.646198368123173
-39.32807079084781,-10.68376963924552
20.0,10.0
27.494165939701183,10.5080387143394
-39.355436709476706,-10.662870990255206
20.0,10.0
27.307312876079138,10.308041591295016
-39.390156573012675,-10.787519765259246
20.0,10.0
27.616083621329665,10.803618883074204
-39.51728097784625,-10.736027397014924
20.0,10.0
27.485469444284554,10.651148463614266
-39.59264453810165,-10.828171429620495
20.0,10.0
27.343825669256304,10.68478712172437
-39.75883528137117,-10.859027505027484
20.0,10.0
27.524074421712065,10.59612474716009
-39.81395996357106,-11.038165347033509
20.0,10.0
27.687965081064313,10.768710059307818
-39.78231549824605,-10.968762239573435
20.0,10.0
27.62795330168639,10.751399358638054
-39.75836049655983,-10.970298896452038
20.0,10.0
27.66348035131287,10.91359333108078
-39.86116365790868,-11.050891360188066
20.0,10.0
27.737953007529875,10.73744567099607
-39.688054810956,-11.102830183623071
20.0,10.0
27.546076267128107,10.95559604858903
-39.82277436513884,-11.126252060856146
20.0,10.0
27.620473096862483,10.720467921767181
-39.82559326115086,-11.21945249796491
20.0,10.0
27.448295363408775,10.702764486117402
-39.880672999862995,-11.325389781952271
20.0,10.0
27.36540357613218,10.811836480363713
-39.934788095919046,-11.093289993758722
20.0,10.0
27.795662674961775,10.840225862303377
-40.01941899886322,-11.018924640387942
20.0,10.0
28.063740112194004,10.707081518995043
-39.989456515995464,-11.037108951403617
20.0,10.0
27.97358595493504,10.948454761531941
-40.05614877663707,-11.007314510879203
20.0,10.0
28.223368022649368,10.83401439680161
-40.13987072891654,-10.799928378978757
20.0,10.0
27.92316741347164,10.837263497937013
-40.24999589020993,-10.60488216746204
20.0,10.0
28.28512227579148,10.588273818221527
-40.06971822390692,-10.759803592757136
20.0,10.0
27.96353394523281,10.803786558077164
-40.00594108224172,-10.861720166482463
20.0,10.0
28.00633329631185,10.743785112299612
-40.080560882070195,-11.024769853624424
20.0,10.0
28.04089920219061,11.130898915986965
-40.29453830960914,-11.069555220403194
20.0,10.0
28.479981238680253,10.64229804187189
-40.08031931709252,-11.04841126301927
20.0,10.0
28.330545349179218,10.512122023237445
-40.037835491436276,-11.206874200227308
20.0,10.0
28.01608534682007,10.921891386565822
-40.27639843198449,-11.251842075146007
20.0,10.0
28.10970710475968,10.68947705230054
-40.18151958884735,-11.20720489376839
20.0,10.0
27.99048618740602,10.981454099441645
-40.18541313778041,-11.060827675370602
20.0,10.0
28.23687494062323,11.063282866240357
-40.24559721446217,-11.085450634227904
20.0,10.0
28.29703555764558,11.063773815475066
-40.11994108962881,-11.210415965672572
20.0,10.0
28.215617277018595,11.530344552441253
-39.941020748850775,-11.149269077325794
20.0,10.0
27.919275256779414,11.66667551537186
-39.95799402205765,-11.166650199852949
20.0,10.0
27.903649309884415,11.398174896575508
-39.99551410243293,-11.234129545340846
20.0,10.0
28.05631837649738,11.629116627027354
-39.92504418866643,-11.012809958392092
20.0,10.0
28.130914489293204,11.203905708344898
-40.0326941992924,-11.015356433886918
20.0,10.0
28.09773482183703,11.499292340956739
-39.94433057505819,-11.02679795865822
20.0,10.0
28.20206252163223,11.579044142487373
-39.85472580845385,-11.24169701240417
20.0,10.0
27.94548641814339,11.703714347996392
-39.90960835459205,-11.180135316864035
20.0,10.0
27.727119936516885,11.822519747955152
-39.76933425660967,-11.269094690846659
20.0,10.0
27.638683204701636,11.715832630646734
-39.72329145989816,-11.238594516397997
20.0,10.0
27.391215696809276,11.830183804942227
-39.650158345791965,-11.295998150011771
20.0,10.0
27.168232340227405,11.910800032666831
-39.798201736469345,-11.203039944054296
20.0,10.0
27.46474507800128,11.868068705615144
-39.67859980703569,-11.140928539931059
20.0,10.0
27.554848058730933,11.875069330634098
-39.588224733201365,-11.117500574397393
20.0,10.0
27.546306581480444,11.799352317032156
-39.69269358313948,-10.934032297103839
20.0,10.0
27.67861757297468,11.411539148347966
-39.6646582254304,-10.952721320392333
20.0,10.0
27.616520106673548,11.643860099395557
-39.823712076777284,-11.03012972009797
20.0,10.0
27.895911822725495,11.803094048747418
-39.956195790849435,-11.013455039785605
20.0,10.0
27.803896087495303,11.637633318373254
-39.956286818766465,-10.951497009482035
20.0,10.0
28.256223293222426,11.784221037406603
-39.81460671208353,-10.866867224666818
20.0,10.0
28.210746445605608,11.763821638545465
-39.874288759227554,-10.802555543825418
20.0,10.0
28.176806731696317,11.627079358896875
-39.931290805336246,-10.659378077931686
20.0,10.0
28.499035915856354,11.631406923495199
-39.79647446147074,-10.718637013957194
20.0,10.0
28.117963308502382,11.64502149665536
-39.688139144351005,-10.662999453777816
20.0,10.0
27.90534747183954,11.505958210388826
-39.74012363777254,-10.497490138368622
20.0,10.0
27.58521282816359,11.267045440965507
-39.797549264487,-10.452578165523713
20.0,10.0
27.634252477309886,11.174806683340968
-39.809871772878175,-10.475932684919483
20.0,10.0
27.815952276263168,11.169783588679962
-39.85701355765909,-10.479887171496701
20.0,10.0
27.600359406259884,11.23284934821416
-39.81548855407953,-10.427751978070015
20.0,10.0
27.719699456889565,11.336680038384383
-40.05466155278863,-10.42365566398097
20.0,10.0
27.941075897494017,11.110113409689053
-40.042991963771854,-10.607215406564164
20.0,10.0
27.947610717972296,11.260118588722843
-40.1281936944446,-10.55341114055761
20.0,10.0
27.838897745186152,11.473870496151914
-40.07093170902523,-10.706774285360156
20.0,10.0
27.995132146504716,11.81525693867431
-40.26064287791833,-10.85336932219322
20.0,10.0
28.385000452945505,12.052849607306317
-40.15276063699083,-10.763036043253505
20.0,10.0
28.30546024750756,11.886071876687094
-40.26625653057092,-10.839754811738553
20.0,10.0
28.728311802266496,11.981385478142084
-40.293963427491406,-10.81967817873785
20.0,10.0
28.59608819980393,11.968715761530099
-40.282735312191775,-10.796793264620375
20.0,10.0
28.376459000053188,11.635235777828399
-40.3244368137061,-10.832879393424209
20.0,10.0
28.564838150187867,11.55222776534633
-40.550189759004006,-10.878905809173903
20.0,10.0
28.736048683171596,11.533130076822633
-40.680389192972356,-10.932049092776515
20.0,10.0
29.068211019790127,11.428072114281878
-40.789332767884304,-10.894565744612226
20.0,10.0
29.229429967562254,11.41069452611453
-40.82460964624351,-10.82174162720806
20.0,10.0
29.106349400743817,11.210260149386066
-40.892200010191004,-10.894389105016701
20.0,10.0
28.99283629082869,11.38008977619856
-40.822780652718535,-10.77943685567045
20.0,10.0
29.33787600086258,11.198509628726665
-40.624889533348764,-10.755440861675458
20.0,10.0
28.934445435549648,11.009619471275506
-40.64773008862499,-10.664279191053716
20.0,10.0
29.307513500658693,11.172841432328106
-40.6507016798763,-10.64732063459937
20.0,10.0
29.501167530402093,11.414778821169705
-40.58631740953892,-10.67671015942519
20.0,10.0
29.644120841085467,11.483742077353021
-40.48429845005566,-10.985803027504147
20.0,10.0
29.035663728993043,11.616159147383158
-40.293983322395746,-11.154838730130837
20.0,10.0
28.826971484584377,12.090097954353585
-40.20015200606866,-11.271106138877395
20.0,10.0
28.807492531272374,12.099868196924103
-40.139254330332435,-11.221901420338776
20.0,10.0
28.432271454434627,12.40494583667886
-40.07695492582112,-11.133857318450644
20.0,10.0
28.395908434039377,11.942673742773856
-40.25960189548728,-11.060553473897082
20.0,10.0
28.785488884061294,11.65618600110286
-40.382420518881304,-10.993322477270391
20.0,10.0
28.66401268975291,11.603781974712895
-40.49475697725239,-11.139607143488686
20.0,10.0
28.808020144762352,11.602388456116355
-40.48831750328203,-11.120745834783483
20.0,10.0
28.891740689794034,11.685604636880104
-40.39520095994572,-11.15865433455019
20.0,10.0
28.60400483111743,11.967844230801234
-40.4474170132168,-11.258840590027301
20.0,10.0
28.633957253943287,11.890137437964025
-40.39943213256437,-11.225744171477912
20.0,10.0
28.79584196346451,11.859290509589666
-40.35530405532296,-11.23696291639319
20.0,10.0
28.359839082789946,11.951295648686962
-40.43925009943312,-11.206546781601952
20.0,10.0
28.58211023228737,11.737269765567426
-40.3759725526136,-11.059920689056273
20.0,10.0
28.37342606025306,11.493360479476909
-40.323531822510056,-10.981385749465446
20.0,10.0
28.236260667851305,11.782549618206332
-40.11725043543084,-10.904795244004998
20.0,10.0
27.946051159005812,11.543976959764574
-40.10701699672164,-10.896284701422225
20.0,10.0
28.109123818387204,12.001236726015797
-40.096449159256224,-10.805649558314427
20.0,10.0
28.113380697900382,12.163137218526924
-40.08938200100888,-10.737642901702747
20.0,10.0
27.843449620721152,11.916479393139149
-40.03419520603391,-10.761783432317651
20.0,10.0
28.057157848850274,11.857153023023422
-40.083559769513364,-10.873966578286193
20.0,10.0
28.079515388540692,11.889113301190086
-39.79446232426086,-10.763761216350131
20.0,10.0
27.712580516612576,11.876470449761243
-39.76539830853082,-10.618235970624234
20.0,10.0
27.678745407740095,11.65880809481002
-39.71300449872314,-10.760821462835985
20.0,10.0
27.188754510070993,11.836189025496942
-39.864481704231274,-10.660305976248198
20.0,10.0
27.267838934170932,11.978073953460978
-39.90186371458628,-10.76543872933694
20.0,10.0
27.417038026207003,11.844830845899018
-39.641826235358714,-10.699522309799411
20.0,10.0
27.089315567255348,11.701569701259452
-39.83278710526227,-10.653330392012593
20.0,10.0
26.741621910202426,11.461148076184532
-39.81757657863058,-10.62860060733489
20.0,10.0
26.893232620606568,11.30396265367806
-39.73915879964621,-10.663260168028549
20.0,10.0
26.91428114196109,11.340182328067574
-39.66652598373948,-10.649203710080227
20.0,10.0
26.984445168946813,11.415503647463083
-39.951039017643424,-10.806681215682566
20.0,10.0
27.53811764054069,11.488270222062503
-39.94205825030403,-10.79832338713041
20.0,10.0
27.631917674700517,11.532990453233907
-39.88688675592174,-10.781876331796436
20.0,10.0
27.277283980288836,11.804815141141514
-39.88739295502793,-10.763825802957555
20.0,10.0
27.2072893683898,11.689637014817365
-39.902386790763124,-10.785182855316426
20.0,10.0
27.518469687652292,12.070350241818634
-39.873521108633966,-10.76295869384805
20.0,10.0
27.424639979522254,11.973122378896594
-39.74085900126116,-10.784409152605726
20.0,10.0
27.336139481902293,11.762449326934295
-39.65186009124791,-10.761186508790843
20.0,10.0
27.07368078094457,12.115085873813157
-39.560090139613294,-10.797397017145355
20.0,10.0
27.450257704109845,12.173805621213244
-39.65125114894623,-10.743469370483167
20.0,10.0
27.34837795291014,12.337676186517228
-39.74438275698794,-10.777728359466922
20.0,10.0
27.18437614415766,12.477934117059508
-39.662349627285046,-10.772694258322536
20.0,10.0
27.27350246824323,12.368701755826354
-39.594845276991634,-10.615332397824123
20.0,10.0
27.227757793110072,12.01396597930874
-39.6051056934793,-10.561260772819455
20.0,10.0
27.310882228755162,12.232916254544936
-39.359555150159764,-10.640003483371423
20.0,10.0
26.887979288236608,12.362196304715788
-39.26867375195259,-10.648935619218609
20.0,10.0
26.802866775230683,12.248558401488228
-39.354264386056926,-10.647871607799253
20.0,10.0
27.05193287354622,12.249090034073994
-39.370805580413766,-10.579589871564524
20.0,10.0
26.9975640937892,12.083637730269558
-39.41817225827231,-10.38628503533953
20.0,10.0
27.197736300534785,11.799984583410737
-39.54577013307078,-10.420427871909718
20.0,10.0
26.931162166584905,11.953043001075994
-39.46266885184585,-10.311858313653468
20.0,10.0
26.982534830912655,11.78527528322693
-39.432692168023664,-10.239690797712104
20.0,10.0
26.686403729383358,11.823282672643007
-39.62367578484928,-10.112050485291157
20.0,10.0
27.18922144570304,11.67595941291085
-39.72661384717831,-9.94102097503861
20.0,10.0
27.14519119688017,11.270842203514604
-39.614697394940855,-10.027515860074274
20.0,10.0
27.011770271334974,11.32279121014571
-39.31152231073451,-10.108282234787634
20.0,10.0
26.880492274983375,11.428174014504119
-39.45552951524434,-10.051351156512172
20.0,10.0
27.04347662699552,11.459896500215539
-39.599548074369224,-10.08539182611435
20.0,10.0
26.944099509311684,11.336065310936466
-39.691959347285525,-10.056764953824894
20.0,10.0
27.453665132933516,11.49678951434893
-39.88144888827501,-10.128335493377781
20.0,10.0
27.78911750032257,11.487811437786483
-40.00431868912114,-10.155004422854052
20.0,10.0
28.10074579190603,11.602405541532608
-40.05361057297654,-10.25858130978754
20.0,10.0
27.771100377918287,11.404791374912783
-39.857425913068816,-10.292714444233615
20.0,10.0
27.505743224458477,11.825369793653657
-39.83591399789049,-10.258094765017878
20.0,10.0
27.5774112733098,12.001554123315476
-39.74416880577419,-10.22439630224386
20.0,10.0
27.528231032713713,11.737313354638658
-39.83080578302261,-10.320845798558441
20.0,10.0
27.50207390126812,11.681915856477435
-39.6553982859946,-10.300217924021194
20.0,10.0
27.242761101929794,11.709140022727947
-39.625009681987585,-10.237799819867913
20.0,10.0
27.106494722839393,11.405275672226562
-39.70131785702893,-10.25320190026158
20.0,10.0
27.19987167736479,11.302252286601451
-39.78173761029131,-10.198661779762975
20.0,10.0
27.254452207405073,11.527445668002532
-39.78087658748361,-10.275976455945816
20.0,10.0
27.27747819702838,11.588803449479066
-39.85405125326457,-10.309128665642008
20.0,10.0
27.536931873797045,11.85198037230045
-39.78562220293684,-10.291301288061069
20.0,10.0
27.267894815290866,11.72211729013322
-39.86366082844399,-10.461105666872845
20.0,10.0
27.665206141666708,11.832995952225321
-39.89809461280285,-10.424857669151212
20.0,10.0
27.932742084398,11.858995410847985
-39.93283794761819,-10.455567723276255
20.0,10.0
27.90910049169039,11.890425423947473
-39.90594505764518,-10.387401293538742
20.0,10.0
28.026053964131428,11.650183693743568
-39.58949412394855,-10.51694033846649
20.0,10.0
27.76962845651513,12.009266576550893
-39.593638837116764,-10.6426259913877
20.0,10.0
27.77032699488705,12.061549471751103
-39.49540837758673,-10.754237199820738
20.0,10.0
27.6054373567478,12.308776848462088
-39.39528088099908,-10.865515632980742
20.0,10.0
27.178814987857592,12.503618182580734
-39.6908398925358,-10.753439159124428
20.0,10.0
27.143493976447594,12.327774556440659
-39.75284564056505,-10.746997604072162
20.0,10.0
27.31522372201207,12.238183516479506
-39.82819517022394,-10.701115079272578
20.0,10.0
27.30554427145298,12.160101522468103
-39.760990918306064,-10.68326356055824
20.0,10.0
27.150483046014372,12.024103286077697
-39.63330728310707,-10.681763614139044
20.0,10.0
27.058959513555465,12.124090541045689
-39.493901936782564,-10.777945533016345
20.0,10.0
27.128026353614544,12.157225311215676
-39.560026168663875,-10.797860128103117
20.0,10.0
27.338787743349748,12.381622645455117
-39.52025787973511,-10.725791138674944
20.0,10.0
27.29938556156685,12.094071974114737
-39.337858371815486,-10.585219825467558
20.0,10.0
27.033178196361362,11.677276111692077
-39.43955224711175,-10.635357910313454
20.0,10.0
27.30967287207332,11.803940217087735
-39.42979662218665,-10.6009710443139
20.0,10.0
27.16166312072611,11.503503084564805
-39.45716675757404,-10.62741084420649
20.0,10.0
27.208308561936647,11.516144972178292
-39.443602635966734,-10.658415103235912
20.0,10.0
27.47644423542169,11.666950610466984
-39.512446592863625,-10.707092522319018
20.0,10.0
27.176571509312907,11.469561607483612
-39.42585175745383,-10.470529872773382
20.0,10.0
27.3547785704815,11.461365073667647
-39.48706835851948,-10.494668758354248
20.0,10.0
27.24622262207248,11.247272599177276
-39.46453435883668,-10.379758145813959
20.0,10.0
27.330765040485637,11.225554629986512
-39.32506803741347,-10.42688466626585
20.0,10.0
27.290854961744486,11.311529454873781
-39.38963909794347,-10.2919594392109
20.0,10.0
27.241962928016505,11.333026097358118
-39.377831566347716,-10.226103652030451
20.0,10.0
27.167582177900506,11.26018959195094
-39.24670191319547,-10.061675806825978
20.0,10.0
27.25243407815926,11.230137685533197
-39.326520646734984,-10.098091780951387
20.0,10.0
27.30319151457733,11.212107792719358
-39.47280827962877,-10.187705762073644
20.0,10.0
27.208123371855372,11.254925885690977
-39.41420843366556,-10.280708871404345
20.0,10.0
27.330409480386116,11.349759157443774
-39.51981285603326,-10.447160639441437
20.0,10.0
27.09855464258856,11.519190560324162
-39.33559954657793,-10.633073248587134
20.0,10.0
27.01294392049278,11.798224825484237
-39.30402666356018,-10.692019510618843
20.0,10.0
26.823291753218243,11.521145351078111
-39.28492161215239,-10.567549913345108
20.0,10.0
26.667287300404823,11.364613659733141
-39.31557994597438,-10.511711443809116
20.0,10.0
26.578782608104987,11.181147653373454
-39.24674886350933,-10.385106006065792
20.0,10.0
26.62942829291844,11.457524693008917
-39.374246029328376,-10.326700998620915
20.0,10.0
26.38045845533493,11.594591772868718
-39.25348587221523,-10.255095065654912
20.0,10.0
26.784333836107784,11.265006678820495
-39.07125569097406,-10.20925689795669
20.0,10.0
26.423578993149825,10.987460150366672
-39.17379837395464,-10.168923835690304
20.0,10.0
26.74867750857409,11.403715320150294
-39.16619969244638,-10.29893066662688
20.0,10.0
26.29105991497613,11.234781062806682
-39.10024347721141,-10.582911703781594
20.0,10.0
26.571537188434135,11.606530426843992
-39.12572157844374,-10.456962453993144
20.0,10.0
26.5219784713723,11.38784836920107
-39.06842432408615,-10.491740601840092
20.0,10.0
26.33774738850667,11.516991134807483
-39.11258775130514,-10.519424332435477
20.0,10.0
26.537853519455524,11.519919318022275
-39.23424967415136,-10.580439263065768
20.0,10.0
26.55398128177663,11.664401536941849
-39.25841684590445,-10.61058215931074
20.0,10.0
26.840221081296832,11.802231494243173
-39.30658790282488,-10.452896012066834
20.0,10.0
26.543356651335067,11.572112983871595
-39.35228943426596,-10.638133899656951
20.0,10.0
26.317084797872162,11.556927043432594
-39.55724221366615,-10.6982213333741
20.0,10.0
26.60443778301815,11.655502576463086
-39.292006726109655,-10.660479086814712
20.0,10.0
26.624745248133827,11.706918267006792
-39.28792686075363,-10.686171039640415
20.0,10.0
26.800480632696676,11.735811529304645
-39.24916184667501,-10.658554948041608
20.0,10.0
26.57433484090309,11.776604973157415
-39.132381553362876,-10.569580747663704
20.0,10.0
26.332197471052524,11.726763732502913
-38.934458746360335,-10.71019878111146
20.0,10.0
26.27580392062501,12.058654308858621
-38.931477437413015,-10.71686781920438
20.0,10.0
26.108122169562826,12.20737236404744
-38.9653921867653,-10.81523638710143
20.0,10.0
26.355508347967742,12.295505665867676
-38.85110536429564,-10.798730880357121
20.0,10.0
26.343504776597648,12.573408725604843
-38.82432585115035,-10.648871106702725
20.0,10.0
25.90704660303099,11.91242510770618
-39.018838064120146,-10.78405114736836
20.0,10.0
26.18984678109061,12.062394596822344
-39.07804748595022,-10.783773947964914
20.0,10.0
26.400482488477635,12.289263496561428
-39.042252731702995,-10.704598917686294
20.0,10.0
26.137922603250054,11.808793835150691
-39.06655761233078,-10.455983233036964
20.0,10.0
26.041696051447644,11.332226472022487
-39.06347557389271,-10.609659403343697
20.0,10.0
26.075034100024062,11.618852672617848
-39.34685698913118,-10.592806078093352
20.0,10.0
26.271519351219524,11.67469475827641
-39.35521033300677,-10.483810201232425
20.0,10.0
26.408252155715147,11.431552862759354
-39.387349577245345,-10.565536358938598
20.0,10.0
26.124311159063595,11.570187176719013
-39.43598819100626,-10.602617464916301
20.0,10.0
25.991298093386078,11.626222072000797
-39.45698744292399,-10.709705757291099
20.0,10.0
26.12970380395255,11.619253771056158
-39.29894370921142,-10.607462454898165
20.0,10.0
26.324322784421064,11.92561785079911
-39.330537377441054,-10.56951240711624
20.0,10.0
26.075481814566537,11.74286157566575
-39.28066987578693,-10.75125017625833
20.0,10.0
26.188350941334775,11.978809899824633
-39.2606392629502,-10.694953057437854
20.0,10.0
26.22964284112667,11.971410022836533
-39.34296826296859,-10.549874614333723
20.0,10.0
26.154847065049445,11.771236156253615
-39.436810510592345,-10.407197612126215
20.0,10.0
26.422928464421098,11.656750388451332
-39.537842992116005,-10.411068277210312
20.0,10.0
26.652616994433934,11.595621780241608
-39.580841061795375,-10.420931806564873
20.0,10.0
26.36208157240177,11.47673888091709
-39.78480018887757,-10.451326104137678
20.0,10.0
26.586003748398596,11.358632887932885
-39.784827077083754,-10.395595632220054
20.0,10.0
26.50914815504772,11.323289820313907
-39.64582814197868,-10.449658974943922
20.0,10.0
26.798275744479795,11.556532598256318
-39.735173259129546,-10.704917674381884
20.0,10.0
26.978629761265317,11.880864795127987
-39.639721063389906,-10.754088966169489
20.0,10.0
26.750168088585575,12.069035851880738
-39.65491028534511,-10.737499965735646
20.0,10.0
26.75694845971087,11.869857560834213
-39.67968731629185,-10.78586550244206
20.0,10.0
26.811235781646502,11.988705930432584
-39.514506822040104,-10.90989194983348
20.0,10.0
26.999908981792103,12.179964524217311
-39.62704754808019,-10.889654644767543
20.0,10.0
26.552802898351054,12.18425664620862
-39.71271285950279,-10.900714917847628
20.0,10.0
27.186267295995037,12.08134805932169
-39.7937497630333,-10.832559850076619
20.0,10.0
27.302007439430618,11.615321626071644
-39.82151363433274,-10.906820833240928
20.0,10.0
27.361915061360058,11.598351178806297
-40.01999219759377,-10.758758794719075
20.0,10.0
27.439861495392726,11.747507015708624
-40.03292953579423,-10.784899553477667
20.0,10.0
27.485706545258545,11.72116011055359
-39.90087512897783,-10.71990766687187
20.0,10.0
27.399220537614283,11.582374047071124
-39.88399456380778,-10.814757554524933
20.0,10.0
27.41040390630632,11.689155833924815
-39.853686052263974,-10.802685486076129
20.0,10.0
27.35497624009205,11.747449466357779
-39.81468320906095,-10.782438481442394
20.0,10.0
27.4001953266555,11.538279077692959
-40.09508468896761,-10.888006074382826
20.0,10.0
27.756834493880355,11.720329735745661
-40.12103716849592,-10.745009496005014
20.0,10.0
27.687833259907293,11.324760450911686
-39.996663756358096,-10.652401350573482
20.0,10.0
27.81216494824026,11.443286410538633
-40.019175885970654,-10.645022194480049
20.0,10.0
27.795019210455465,11.184225318613386
-40.04527850625952,-10.631403166514659
20.0,10.0
27.786593183476043,11.361130892481086
-39.94624178242945,-10.705088847885941
20.0,10.0
27.762726941605322,11.504899554383382
-40.20031641951094,-10.615367567781473
20.0,10.0
27.84782326188423,11.350867495918802
-40.31584328708398,-10.598737812105995
20.0,10.0
28.156031287050652,11.316238435941571
-40.383486181173815,-10.70888229656284
20.0,10.0
28.115284810801207,11.257787974539845
-40.36841157799966,-10.565329261291465
20.0,10.0
28.101061691714925,11.064010337126064
-40.239799752123794,-10.550692706893061
20.0,10.0
28.032081668291717,10.995834954174128
-40.29665116214494,-10.518061898596105
20.0,10.0
28.303616165265822,11.248488849675912
-40.48035119605802,-10.352985673578708
20.0,10.0
28.317234752025335,11.383146753218348
-40.53491956194751,-10.27388683186568
20.0,10.0
28.390166452336764,10.949358192184363
-40.52984158787673,-10.257658306092349
20.0,10.0
28.312782712119827,10.890332997094287
-40.65802430301105,-10.290297544902533
20.0,10.0
28.53574291144811,11.137057463676019
-40.47567209386217,-10.164702860785642
20.0,10.0
28.46830762420059,11.059760628272077
-40.31133361481273,-10.279127920139524
20.0,10.0
28.51376989481806,11.240521488080624
-40.18380033157073,-10.370035561034294
20.0,10.0
28.415531964270592,11.914294599169274
-40.0991015950023,-10.423989321387653
20.0,10.0
28.339545758371493,11.867419661120891
-39.89196513533606,-10.386245800885801
20.0,10.0
28.04294107447327,11.980705639958884
-39.95171704187893,-10.358697890028193
20.0,10.0
28.017351911811453,11.940585848287565
-39.87436383083266,-10.425345143940149
20.0,10.0
28.01868562217586,11.997119840275161
-39.891493141939534,-10.455309249130966
20.0,10.0
28.059472871176297,12.03832422688139
-40.02545266235973,-10.331458999263667
20.0,10.0
28.48907488736908,12.10799800708353
-39.8893081257365,-10.171431899936973
20.0,10.0
28.606899256136792,12.133749803325184
-39.97174460859556,-10.256678225381748
20.0,10.0
28.653661823111662,12.167506469238248
-39.93246658621148,-10.206546419655654
20.0,10.0
28.59560911827773,12.128401105446304
-39.88454772879698,-10.2572811290749
20.0,10.0
28.211622823667874,12.040040812515901
-39.90191800962046,-10.257777951748333
20.0,10.0
28.326375271110194,11.99576413686578
-39.927039796876485,-10.300033550350692
20.0,10.0
28.063200273604025,11.751803678684855
-39.87738098024605,-10.283215584417153
20.0,10.0
28.114342984277265,11.87149868215231
-39.943317908688854,-10.468924762283162
20.0,10.0
28.3703218474853,12.117497147566919
-40.139827991624756,-10.425383672129831
20.0,10.0
28.855348563609795,12.384841332493
-40.026594854182065,-10.474533273845335
20.0,10.0
28.47056742641948,12.517818148560462
-40.057621344363035,-10.56051034972885
20.0,10.0
28.547288223082624,12.441642770058401
-40.12216234342824,-10.542839763851324
20.0,10.0
28.323129584107235,12.409560389853233
-40.32377416795092,-10.576933681283819
20.0,10.0
28.462511612605503,12.42700377026037
-40.379781416096314,-10.56707211854283
20.0,10.0
28.802149090691806,12.34106570347614
-40.255704513943186,-10.593748597204304
20.0,10.0
28.66683580691108,12.599041176142286
-40.24874881277234,-10.496435338176132
20.0,10.0
28.636113275365098,12.95453023469532
-40.214978207342064,-10.288980890450322
20.0,10.0
28.359440125297702,12.470939178018842
-40.18060969511197,-10.314656930671147
20.0,10.0
28.963278904802408,12.94626959623308
-40.14388982811461,-10.226076852485162
20.0,10.0
28.772492923565423,12.551964640120858
-40.093375259228516,-10.216948799623719
20.0,10.0
28.708658977222363,12.524106539131903
-40.109471868609745,-10.164180165632136
20.0,10.0
28.339442424076367,12.255853876699636
-40.009189827073165,-9.962051199525431
20.0,10.0
28.272325534235257,11.99042114235165
-39.879687371148776,-9.895281357939233
20.0,10.0
28.281179846607714,12.044690666165287
-39.93835150348796,-9.791050962105242
20.0,10.0
28.474376773135695,12.249682319603192
-40.01053139285905,-9.730195421396434
20.0,10.0
28.430732434875978,12.088860345686061
-39.91201517413196,-9.668620486525558
20.0,10.0
28.635863003211334,12.187165886769382
-40.016006944144124,-9.791269677271945
20.0,10.0
28.707881653037447,12.173558941500165
-40.01232867330748,-9.791694724697619
20.0,10.0
28.38386463952537,12.138353611561183
-40.05082303895151,-9.76285635187788
20.0,10.0
28.31657353107841,12.091905605333714
-40.13481508822315,-9.684316455020852
20.0,10.0
28.568711811085947,12.122773420950995
-40.04109808311626,-9.61773510049018
20.0,10.0
28.363336168310887,12.155028600076562
-40.23162377386449,-9.614125893694005
20.0,10.0
28.60597502053438,11.985034411307065
-40.32012821100261,-9.606576047575368
20.0,10.0
28.603082787154406,12.025018316822006
-40.245932759592414,-9.584073139226724
20.0,10.0
28.43467040897999,11.715041259515893
-40.30437044101525,-9.39903612628977
20.0,10.0
28.599195929294055,11.816493477048411
-40.23978060834836,-9.279435974987248
20.0,10.0
28.379122462134198,11.546644097401323
-40.28397978399971,-9.355890562843754
20.0,10.0
28.361888918123313,11.532488609744263
-40.18296470343778,-9.453888159136046
20.0,10.0
28.0605560547883,11.743010644527065
-40.25118259043918,-9.592964571417495
20.0,10.0
28.06523605127027,11.699433869275026
-40.051455435940966,-9.606050467430107
20.0,10.0
27.999971863421564,12.093763664087717
-40.026157685296546,-9.562781160745839
20.0,10.0
27.681875969213742,11.96113159173171
-40.025983365970106,-9.524664678895403
20.0,10.0
28.023661880002905,11.958256040063716
-39.92536213575705,-9.45947506034783
20.0,10.0
28.048132813227348,11.90328209094956
-39.867765236504745,-9.381394120040149
20.0,10.0
27.58955957467878,11.551045398033402
-39.82965482055985,-9.525031773188179
20.0,10.0
27.600454706755514,11.961084729922309
-39.80064126800654,-9.492410556006629
20.0,10.0
27.71320575521107,11.80282639987318
-39.73392837389487,-9.506964229668814
20.0,10.0
27.37083147289661,11.559903857521238
-39.86896093424636,-9.406807936865885
20.0,10.0
27.503776485833782,11.655543359150979
-39.744157312019695,-9.341923104660394
20.0,10.0
27.30592812936898,11.49539749932428
-39.87878871337316,-9.315684636488179
20.0,10.0
27.263687463705118,11.058866550012674
-39.828970120657864,-9.332923570595772
20.0,10.0
27.265801202987895,11.17509105046684
-39.802865904390245,-9.3959855552527
20.0,10.0
27.266974453436248,11.456732613556547
-39.83753566602594,-9.2525122095556
20.0,10.0
27.69125958964608,11.547430593427489
-39.89867587602845,-9.131138173856199
20.0,10.0
27.648134405251213,11.03501703055042
-40.02862329060499,-9.139158734954062
20.0,10.0
27.849296144134293,10.74794018650584
-40.04460851050041,-9.262044400078402
20.0,10.0
27.74483795465089,11.146254778756706
-39.86657392046047,-9.212650426222625
20.0,10.0
27.61308871713399,11.037608271385452
-39.82564511278068,-9.190739687070034
20.0,10.0
27.58596086017566,11.307861875555204
-40.02558830345617,-9.201061659840201
20.0,10.0
27.458861258113963,10.84289101286776
-40.00031867808522,-9.203946645832337
20.0,10.0
27.5434126486431,10.826680997302383
-40.01508971562916,-9.298459358488332
20.0,10.0
27.671473880425708,10.784771739076575
-40.06679023904894,-9.474898870374343
20.0,10.0
27.813116084268287,10.77306988950519
-40.14459841286807,-9.485125273383867
20.0,10.0
27.920987333977813,10.62051458845789
-40.28648355366593,-9.375723963607141
20.0,10.0
28.142429784051203,10.666552790895224
-40.22770694682824,-9.446385651780412
20.0,10.0
28.144466200429186,10.746261190363619
-40.15835858279466,-9.303073923731834
20.0,10.0
27.97126897724749,10.40840111813289
-40.16902255075162,-9.500705840251113
20.0,10.0
27.98083275059443,10.719003127601852
-40.32471528978531,-9.45179810722143
20.0,10.0
28.152941882796902,10.596659065547065
-40.32743815658787,-9.40665017931259
20.0,10.0
28.32689037418492,10.66936943906498
-40.42216994873122,-9.33709811512907
20.0,10.0
28.50877916356874,10.3735717916523
-40.43580361296159,-9.140608773508601
20.0,10.0
28.18594213247927,9.969248539185838
-40.54257310651236,-9.166721935288713
20.0,10.0
28.25735897613307,10.299004390849284
-40.44242979606371,-9.179456685514609
20.0,10.0
28.11424542821883,10.30036273900754
-40.525880857933664,-9.213507355973638
20.0,10.0
28.212866045375712,10.37212809241193
-40.527908730498496,-9.219812550404676
20.0,10.0
28.18775877091325,10.357722356690907
-40.553622410834805,-9.161370711717453
20.0,10.0
28.378172616283123,10.864460774747585
-40.672094349620735,-9.074841767556558
20.0,10.0
28.083853013911323,10.325481035692501
-40.63113486261113,-9.013633883424651
20.0,10.0
28.047875509336144,10.556726827498014
-40.62092549089894,-9.03441029321473
20.0,10.0
27.707746435788422,10.434188217128646
-40.62777089210055,-9.165132467802179
20.0,10.0
27.98665866402562,10.956117390765083
-40.54348771287537,-9.07690588885136
20.0,10.0
27.74284979693949,10.632459963428705
-40.5389438213518,-9.03306430417002
20.0,10.0
27.508098097878637,10.833216206889098
-40.47417455867675,-9.027845668474896
20.0,10.0
27.89367098079518,10.88512247045081
-40.58481032982292,-8.9988679015656
20.0,10.0
27.67851704009292,10.797612441317366
-40.532171192291464,-8.923124322099978
20.0,10.0
28.04565188230827,10.37704237766036
-40.45590141438627,-8.976584632735568
20.0,10.0
27.799163332956148,10.372279591445533
-40.45202629418549,-9.079968705369796
20.0,10.0
28.052460725426798,10.221309968764501
-40.37623440676352,-9.040128096217671
20.0,10.0
28.070483700425747,10.346158089464836
-40.35568797892775,-8.917857401582625
20.0,10.0
28.241268382611054,10.307718713686132
-40.50854506469792,-8.977275912207476
20.0,10.0
28.209860613230553,10.346821306649165
-40.71023362688787,-9.011938883639148
20.0,10.0
28.828575258655462,10.48563112524386
-40.69715580007735,-9.035304130427264
20.0,10.0
28.42330750776032,10.423022849425223
-40.62284661484102,-8.94868725937251
20.0,10.0
28.445720518422334,10.283361097033552
-40.588697199646056,-9.073965771006705
20.0,10.0
28.511318146509232,10.905971242029288
-40.659682004948664,-8.944524087371605
20.0,10.0
28.388532064521655,10.499719398991346
-40.70900655801381,-8.879106727254186
20.0,10.0
28.77272714573577,10.648678576478321
-40.69882463375921,-8.852604704624824
20.0,10.0
28.633617822571786,10.57919140338413
-40.66137255339993,-8.876121293740935
20.0,10.0
28.305012949348992,10.608296972631706
-40.62460239544485,-8.855276908793131
20.0,10.0
28.253935578935085,10.659373874322558
-40.6561694935579,-8.937164673549814
20.0,10.0
28.347980853564508,10.840564457431551
-40.81421121334476,-8.829609200999357
20.0,10.0
28.780661653754393,10.87576359870748
-40.9145737660003,-8.70676550843668
20.0,10.0
28.794425028010693,10.910364513046112
-40.91943386796568,-8.755519715942189
20.0,10.0
29.17706424313654,10.913258817431757
-41.04859387312835,-8.83465633188233
20.0,10.0
29.40903481859136,11.370960559401723
-41.030710208514016,-8.734801151371022
20.0,10.0
29.467218742609113,11.282772562199433
-41.250302243207,-8.643957824495406
20.0,10.0
29.690432653551525,11.21985063735325
-41.380330871232445,-8.596779327365189
20.0,10.0
30.073798664030207,10.811606480929814
-41.48739720351128,-8.614659228278176
20.0,10.0
30.147357888390488,10.899277630577465
-41.501529259275266,-8.660167646431038
20.0,10.0
30.22119584738322,10.819703972793423
-41.44448478223543,-8.572739564788026
20.0,10.0
30.140323457240818,11.064676938020217
-41.55087417668371,-8.45617363588755
20.0,10.0
30.435885627629695,10.808318201553984
-41.61523916756869,-8.47265284319886
20.0,10.0
30.63105834988012,11.087177123865246
-41.660423845434245,-8.657013316572646
20.0,10.0
30.64881146582713,11.204630928945221
-41.68830517445919,-8.702353691666236
20.0,10.0
30.695137777683485,10.920304905618611
-41.57646473448781,-8.861490473792912
20.0,10.0
30.79541468778877,11.304137943413323
-41.488309204388315,-8.775662042226482
20.0,10.0
30.50545228880229,11.545198906376424
-41.506870322987425,-8.87354091094257
20.0,10.0
30.47763399792278,11.332699860603743
-41.490940371427065,-9.026563772239987
20.0,10.0
30.454786003238333,11.58437955685364
-41.47721338196736,-9.206352859192991
20.0,10.0
30.4540457627825,12.013824113467322
-41.419516934356686,-9.28783991336944
20.0,10.0
30.604728509746202,11.99081056150942
-41.35439134200811,-9.262233631352636
20.0,10.0
30.334847343587633,11.806960901646455
-41.53004338523309,-9.35359951957555
20.0,10.0
30.64143540631236,12.130302352781055
-41.62718142624965,-9.42576882648959
20.0,10.0
30.711310778767682,12.248715357485313
-41.58403676246742,-9.534889680156379
20.0,10.0
30.689870325025794,12.349081643340863
-41.461975912326416,-9.524764538124767
20.0,10.0
30.949263504986867,12.601932547622706
-41.49330955926421,-9.5219668264676
20.0,10.0
31.085065895208764,12.81409437903869
-41.46783940717736,-9.52226103305964
20.0,10.0
30.869522045921393,12.823295118886652
-41.524984160097226,-9.515222384973423
20.0,10.0
30.967019194137954,12.59465618022855
-41.620257553177495,-9.500150819024332
20.0,10.0
31.221525995422127,12.720393750866243
-41.67833842529351,-9.556672458003847
20.0,10.0
31.343683751370996,12.843345819427682
-41.82893195070067,-9.644510333697573
20.0,10.0
31.150744131454864,12.843919058052201
-41.716808948524736,-9.637131990382441
20.0,10.0
31.000531119539495,12.804573454495511
-41.785913238056,-9.723270543656835
20.0,10.0
31.13768513727176,12.93675742920048
-41.698761677296595,-9.66149884723212
20.0,10.0
30.74981795657792,12.57291357264732
-41.5286189193422,-9.561646168532201
20.0,10.0
30.499680351673696,12.751758273013955
-41.53682675987349,-9.37376186785069
20.0,10.0
30.434016062216884,12.729956911635739
-41.38193495342308,-9.465117673439359
20.0,10.0
30.37580312138413,12.705160958595506
-41.46435875034372,-9.411962342269916
20.0,10.0
30.467341203281805,12.757791487064111
-41.48609206953497,-9.497103586644734
20.0,10.0
31.007355226403753,12.988468468528573
-41.42922055128863,-9.616960292130859
20.0,10.0
30.767303588190053,13.062720944426037
-41.457672723688795,-9.619753827753216
20.0,10.0
30.77068238986356,12.934193808524725
-41.55860692344318,-9.56601842758274
20.0,10.0
30.96552889964306,12.699677598032842
-41.56649297471627,-9.522720147568325
20.0,10.0
30.90229171050997,12.667707548992784
-41.689607583436555,-9.733876091640731
20.0,10.0
30.85131750973548,12.660321725476344
-41.794167324368445,-9.81758687502029
20.0,10.0
31.166777229228074,12.535336871418714
-41.73503088391026,-9.767977454085232
20.0,10.0
30.99293823538536,12.602091709437964
-41.803720104077165,-9.793413307932225
20.0,10.0
31.20537811811524,12.574387199560345
-41.81785728433299,-9.755038918854641
20.0,10.0
31.05332218127016,12.623992614737194
-41.70477193304409,-9.824616107764133
20.0,10.0
31.221687255521893,13.0202780747226
-41.60507673299968,-10.00273260272408
20.0,10.0
31.11675844042513,12.868202443596516
-41.751213443105726,-9.959771850214956
20.0,10.0
31.494568827653865,13.056116476657216
-41.695937921810206,-9.855439052664973
20.0,10.0
31.682954906197345,12.908777620603896
-41.885190700026534,-9.894549237853857
20.0,10.0
31.6882444648137,12.785255416817996
-41.904936182801244,-9.84297374246254
20.0,10.0
31.5605001863485,12.695810461222273
-42.029592463134605,-9.94238332184391
20.0,10.0
31.90968589303263,12.967671844587603
-42.14667170995579,-9.953894317670388
20.0,10.0
31.873472788799,12.816603145141485
-42.133225192894535,-10.020297644756834
20.0,10.0
31.706097303405123,13.003466822669875
-42.25913582440524,-10.052529813003995
20.0,10.0
31.598959936770562,13.339119952805653
-42.30082691121128,-10.005461774666225
20.0,10.0
31.77668537014828,13.1396290402819
-42.573722703859005,-10.025553851459208
20.0,10.0
32.281552540318984,12.917921458916979
-42.63368000787533,-9.815664592559362
20.0,10.0
32.06311988415963,12.507314605272189
-42.678002517703305,-9.737433770008783
20.0,10.0
32.32699456838888,12.969738229989467
-42.7081458174078,-9.84534659303929
20.0,10.0
32.20243200024032,12.787160987270632
-42.74154994772742,-9.948438522893403
20.0,10.0
32.11702336524104,12.645323603333132
-42.70693262805653,-9.878366552646007
20.0,10.0
31.935082953012632,12.491952090542732
-42.59038890757507,-9.903078138708011
20.0,10.0
31.77808886509363,12.454996619859273
-42.55273571156072,-10.051034883612207
20.0,10.0
31.301690395075262,12.42804607342173
-42.334044285399024,-10.026156482343682
20.0,10.0
31.182456618583537,12.340726705228832
-42.44007102065385,-9.979102648152624
20.0,10.0
31.225135418055793,11.860169859814086
-42.57058538495234,-10.0645276822941
20.0,10.0
31.729171229867333,12.016716650580861
-42.53280479245636,-10.120274932125326
20.0,10.0
31.456786453538257,12.146284023675094
-42.59343491078701,-10.164862206041608
20.0,10.0
31.710205851096745,12.326914594412887
-42.75421747328279,-10.18601251592706
20.0,10.0
31.70795286134866,12.054753872160429
-42.953207201382874,-10.297407930607687
20.0,10.0
31.52557626581976,12.387374262269898
-42.826604522037556,-10.438092210179642
20.0,10.0
31.29308769780158,12.124394118564446
-42.96136781012286,-10.392085473609999
20.0,10.0
31.372076934025053,12.358018918748545
-42.97867514567399,-10.418917852558383
20.0,10.0
31.60138226740837,12.34877897437072
-43.042574915440966,-10.49574369652775
20.0,10.0
31.811856158446673,12.821990395137501
-42.893997357258556,-10.475532102511858
20.0,10.0
31.257825223732183,12.624892124763853
-42.82646054632982,-10.409231771771216
20.0,10.0
31.50744314122972,12.85125728302775
-42.865999574998,-10.357821902135191
20.0,10.0
31.678343502931398,12.664067241957785
-42.96350980723395,-10.30549230912007
20.0,10.0
31.652327221178965,12.5689318329308
-42.878596942889416,-10.145076313282377
20.0,10.0
31.728861295414475,12.243774062334342
-42.784597180317604,-10.188120848805058
20.0,10.0
31.725983071172934,12.355334926770965
-42.776810080080494,-10.223340192588767
20.0,10.0
31.6162986221523,12.040370242650884
-42.84794399761589,-10.17723828453176
20.0,10.0
31.913011093961366,12.110908438803271
-43.0335567990689,-10.116216790580593
20.0,10.0
31.963954772913617,12.369524603759075
-43.077889580698525,-10.011441157384667
20.0,10.0
34.505028789016265,11.51285621519591
-43.069547577411875,-10.188960764644172
20.0,10.0
34.801750517350094,11.787319298547835
-43.017259334150836,-10.261419688184233
20.0,10.0
34.57874028134563,11.82734850512621
-43.20441289410708,-10.302346255087514
20.0,10.0
34.72530079274799,12.016956762299444
-43.269857887980436,-10.238091963724301
20.0,10.0
34.95088094628136,12.262078430265134
-43.257900002915996,-10.131796720018619
20.0,10.0
34.4700150065022,11.849433208284005
-43.13299195928931,-10.014031559815725
20.0,10.0
34.12017228591594,11.332902086225463
-43.13464027329944,-9.95261496529116
20.0,10.0
34.55522636360854,11.734826364399591
-43.2500774982246,-9.918348712645582
20.0,10.0
34.57230311103457,11.740879081674834
-43.320308718023405,-9.974919996943507
20.0,10.0
34.346818981294284,11.272201025081255
-43.32582712668121,-9.956448469467329
20.0,10.0
34.544254249615555,11.71938983131015
-43.311406194019796,-9.611998111054389
20.0,10.0
34.41905612903987,11.141481264999225
-43.3308398573686,-9.646458932687228
20.0,10.0
34.58771111275807,11.158259721581107
-43.4130133797559,-9.64358808090113
20.0,10.0
34.48030049985436,10.97658752876405
-43.57188674822015,-9.50773364961766
20.0,10.0
34.706918353468765,11.106723915534214
-43.59723304395988,-9.504830429182636
20.0,10.0
34.90658054104812,11.154039012362578
-43.806971686029705,-9.570015372877483
20.0,10.0
35.05374204668784,11.254071958015778
-43.76290170557498,-9.428155858215378
20.0,10.0
35.12009656570293,11.303233983702345
-43.728997624939886,-9.44232117881375
20.0,10.0
34.98996586173774,11.488231302764866
-43.89260502082408,-9.504032831216435
20.0,10.0
35.494343384055014,11.486813815416042
-43.912217325880114,-9.594955662665399
20.0,10.0
35.10769539579861,11.65441675250591
-43.95359206249354,-9.59456236104661
20.0,10.0
35.27794577769794,11.285945188332914
-43.96314316855938,-9.459946170119725
20.0,10.0
35.530144356849284,11.417277478849247
-44.087206526719186,-9.412585730348773
20.0,10.0
35.99191199105671,11.534534639037766
-44.126100419947015,-9.494354135937293
20.0,10.0
35.85235498213117,11.383544570060003
-44.061949934074995,-9.60330128110255
20.0,10.0
36.23362302908365,11.634137833032018
-44.13085079294119,-9.648656956832447
20.0,10.0
36.17873008200675,11.672856429849595
-44.251249927108475,-9.51868705389659
20.0,10.0
36.436370510393104,11.399538075717182
-44.268749568542354,-9.329698453864657
20.0,10.0
36.587736275161824,11.345065080456031
-44.28579527248169,-9.37082888456937
20.0,10.0
36.36507178624319,11.005138872868095
-44.34983142679033,-9.38377521592601
20.0,10.0
36.387068247050095,11.15985752929204
-44.37542235243617,-9.316586842609519
20.0,10.0
36.50712849081757,11.001563480852376
-44.381885960456344,-9.210500810794448
20.0,10.0
36.66624420139884,11.088972381198065
-44.16673776052529,-9.130309524508187
20.0,10.0
36.32554431699881,10.750816149130834
-44.31821732425381,-9.142426973589929
20.0,10.0
36.563058821627536,11.011978249110307
-44.51446989991986,-9.100971130536912
20.0,10.0
36.51018906356359,10.843854438375523
-44.62393379956906,-9.07792730083507
20.0,10.0
37.07837296620184,10.97196534660669
-44.545326222510866,-9.126217065977645
20.0,10.0
37.17501125260449,11.287143865349055
-44.44001040610858,-9.11229258767818
20.0,10.0
36.808942095237434,10.785314166484522
-44.42370155004139,-9.177439987440886
20.0,10.0
36.7716220639067,11.052691560659564
-44.52254470227112,-9.216474843818201
20.0,10.0
37.07110149572787,11.254233697844708
-44.490546636988576,-9.220952333997653
20.0,10.0
37.02489023922629,11.164670013975492
-44.50714465910648,-9.188544506241103
20.0,10.0
37.37204448803194,11.223954092918149
-44.563446809754446,-9.374480607005268
20.0,10.0
37.2799655201732,11.637314552857859
-44.70227581812484,-9.424794674752746
20.0,10.0
37.437715802544865,11.783587432669052
-44.59203924883262,-9.340291021211023
20.0,10.0
37.18937150939725,11.588128500364583
-44.57481512853295,-9.467044891273643
20.0,10.0
36.97418337793289,11.738978908262652
-44.59671814085936,-9.555226598727742
20.0,10.0
37.44811164765455,11.628117928252053
-44.510504795146595,-9.548657073956658
20.0,10.0
36.88454922279785,11.698517823511263
-44.43888823408321,-9.567012600800245
20.0,10.0
37.20150456650306,11.826057000069902
-44.20679532487046,-9.747653478318382
20.0,10.0
36.52630993859781,12.115224734436037
-43.8201720356641,-9.825744988891323
20.0,10.0
36.595175411579746,12.194508088868254
-43.75081552110493,-9.927023561470651
20.0,10.0
36.31668740620092,12.186873832019703
-43.77185467554027,-9.858169406793055
20.0,10.0
36.424990211157464,12.11888601561742
-43.64545340970487,-9.81764857894625
20.0,10.0
36.38262171901616,12.121030074510447
-43.50283465664687,-9.696950034846806
20.0,10.0
36.605837956827045,12.094407050522165
-43.3261209641261,-9.67187249036909
20.0,10.0
36.087076194218035,12.209949375598008
-43.4924890084453,-9.66826750439676
20.0,10.0
36.48320939495262,12.20182531573105
-43.418613214026465,-9.629029210545893
20.0,10.0
36.59139687586884,11.814022412134591
-43.298920086839004,-9.648178165019344
20.0,10.0
36.48553204750476,11.67480236193705
-43.33625743569761,-9.807772793664398
20.0,10.0
36.87240869380734,12.080579139469663
-43.2252317986973,-9.727037148251826
20.0,10.0
36.75431314925806,12.046748990470121
-43.3965452465652,-9.853471218807476
20.0,10.0
37.11051864350474,12.217685935976881
-43.580553487815756,-9.878829290526689
20.0,10.0
36.940139184100055,12.195896093732593
-43.70723880511255,-9.700906693701244
20.0,10.0
37.20332270526717,11.984840141301575
-43.78814642402865,-9.838286987748182
20.0,10.0
37.2645680756969,12.124717912709233
-43.81089482202145,-9.818783687406437
20.0,10.0
37.58878878735928,12.225368781761333
-43.89260164879679,-9.807600489247195
20.0,10.0
37.609198860825536,12.477029112951186
-43.82052618023245,-9.74410708449904
20.0,10.0
37.68220241223234,12.16491349495421
-43.801189564305645,-9.88386278630145
20.0,10.0
37.3267042709782,12.01196335292775
-43.67258716336833,-9.932369444210282
20.0,10.0
37.13480491934326,11.878549728272365
-43.466811085035744,-9.882773199249577
20.0,10.0
37.03219278775204,11.605334961466632
-43.28798935054773,-9.854005671486485
20.0,10.0
37.07921220876953,11.934137641442941
-43.361235398756705,-9.874595267886408
20.0,10.0
37.2913777935654,11.905562753388196
-43.4007343356277,-10.005957668587005
20.0,10.0
37.15925359679402,11.749151998598126
-43.28017281546924,-10.027846294050601
20.0,10.0
37.062533798306205,11.936657102662277
-43.357306745718276,-9.936061158197736
20.0,10.0
37.270224019263935,11.662070865206562
-43.405667632272916,-10.028003570071576
20.0,10.0
37.438879504123555,11.718856727641466
-43.44959001258046,-10.021876506692903
20.0,10.0
37.406395322814205,11.443089811717059
-43.54552801254301,-9.796092450787695
20.0,10.0
37.51819844208135,11.507265589594223
-43.3643111379987,-9.7353104488602
20.0,10.0
37.045672848721324,11.13899916557359
-43.219008237306,-9.527036221279781
20.0,10.0
37.06025056624054,10.913577360773864
-43.28285803132532,-9.337806917991085
20.0,10.0
36.93637663855988,10.805054638268384
-43.157243090411654,-9.211700246507778
20.0,10.0
36.68650168326239,10.32921403941825
-43.13205168532828,-9.225514377650507
20.0,10.0
36.49815839435904,10.213155200574313
-43.11098629458997,-9.209566612103615
20.0,10.0
36.44060890280992,10.162990921586726
-43.06087554627877,-9.278022765187668
20.0,10.0
36.579510843483924,10.598978328745073
-43.253550181947595,-9.28847239875202
20.0,10.0
36.911358882865294,10.317282336929523
-43.13450115995829,-9.206521665398974
20.0,10.0
36.739908236928954,10.341273453152034
-43.24723467830728,-9.130605720227152
20.0,10.0
36.88731557730283,10.284888349938086
-43.25572345005509,-9.04351291244506
20.0,10.0
36.8385224770146,10.26185962972064
-43.301447183477464,-8.989466672254588
20.0,10.0
36.914386196727406,10.556398952021091
-43.17764150551882,-9.013727180075158
20.0,10.0
36.55407892349743,10.238818713949023
-43.293234493739064,-9.119615351960169
20.0,10.0
36.8229989259234,10.379678024901441
-43.35851368587949,-9.101127956642578
20.0,10.0
36.82479865169954,10.088080486852611
-43.247902789381634,-9.102424330067098
20.0,10.0
36.66057145782708,10.251186779733704
-43.40792559078362,-9.196300747502432
20.0,10.0
36.75305530463926,10.299876523336945
-43.335843150115494,-9.454274312721807
20.0,10.0
36.50247980700955,10.471176865296087
-43.26372703257824,-9.400844958734872
20.0,10.0
36.51614607488347,10.206996077296829
-43.20773924371226,-9.623477875610703
20.0,10.0
36.40978498534374,10.316433307363695
-43.260480897398814,-9.572558455458017
20.0,10.0
36.69008822412561,10.526728774307312
-43.29926798649853,-9.628175941386488
20.0,10.0
36.63412446345972,10.473174007617729
-43.22427541649289,-9.757933485976325
20.0,10.0
36.795134747327396,10.609713313378606
-43.22180002152492,-9.807184055530405
20.0,10.0
36.43307232120379,10.67488976364314
-43.257736278521335,-9.979526500031875
20.0,10.0
36.580987009346075,10.61657595308224
-43.20708442609482,-9.878659317076773
20.0,10.0
36.6023544128939,10.691672984561254
-43.255600462012325,-9.883632899239748
20.0,10.0
36.77318522142086,11.130092607754367
-43.31192287034778,-9.9104328827576
20.0,10.0
37.12385135488763,10.975183900512985
-43.374447669586665,-9.835633701309565
20.0,10.0
37.02450982164745,10.881202992126138
-43.309998142034964,-9.689135538958832
20.0,10.0
36.944719180768395,10.763941234229943
-43.32470641396497,-9.849672707892877
20.0,10.0
37.323419164781065,11.029353131180173
-43.41928246263741,-9.726223184472175
20.0,10.0
37.40144065084469,11.430938515608716
-43.37809051146147,-9.601464142402051
20.0,10.0
37.51700697325639,11.566951104296294
-43.418414116221584,-9.703092866871557
20.0,10.0
37.4278043315648,11.485865546489052
-43.43809704799115,-9.769193272087405
20.0,10.0
37.49526487389636,11.627033700990292
-43.33748031722103,-9.702148146551984
20.0,10.0
37.54988486449708,11.471295668745675
-43.341702404146304,-9.510980747870507
20.0,10.0
37.48513257427523,11.5077195737327
-43.257556317256984,-9.662767481666737
20.0,10.0
37.54649768994125,11.4071831043581
-43.04644684534885,-9.64102914906655
20.0,10.0
36.86544267021261,11.158057423314457
-42.89234532128125,-9.595553524907842
20.0,10.0
36.57576881451637,11.060895818103248
-43.123221124709815,-9.687497268822185
20.0,10.0
36.64590793731192,11.035843673665767
-43.23021913764295,-9.605868138951708
20.0,10.0
36.85794476009828,11.256040120502874
-43.19213829400689,-9.70169085435164
20.0,10.0
36.742434240971086,10.963463125661931
-43.37202861983825,-9.65870880173773
20.0,10.0
36.993080947973795,11.191600609584214
-43.26508283523606,-9.685125178962423
20.0,10.0
36.84219403591311,11.200887473354769
-43.360591256683286,-9.678429560544759
20.0,10.0
36.93831522594778,11.05838129240675
-43.3004732090484,-9.69098414534325
20.0,10.0
36.81920566902833,11.277025868230012
-43.18206116871316,-9.568516526579424
20.0,10.0
36.82907595211249,11.108550933059682
-43.10720738415175,-9.602131853159374
20.0,10.0
36.60440812634836,11.359711444346512
-43.08758736285873,-9.710060935487368
20.0,10.0
36.7162152498221,11.662164164184578
-42.963489533224745,-9.81076292868589
20.0,10.0
36.761840497312605,11.67004377877268
-42.98152770761979,-9.693138027701444
20.0,10.0
36.60153149872231,11.284314280846381
-42.908999028851724,-9.727708980148437
20.0,10.0
36.49135221806917,11.351917007468074
-42.785847205207396,-9.826176300114133
20.0,10.0
36.56806494412323,11.91622603050006
-42.87146800838305,-10.05779759238062
20.0,10.0
36.55162729497559,11.850111724218973
-42.81228794030512,-10.167362020050371
20.0,10.0
36.48361419404106,11.912099393972518
-42.73904113694864,-10.238602471795277
20.0,10.0
36.44488206682536,12.28547699196612
-42.71593468184278,-10.356480922798502
20.0,10.0
36.57251593339899,12.77274117650294
-42.65831172016775,-10.282096933808072
20.0,10.0
36.44628769390771,12.40758030404761
-42.78807983366943,-10.258378216479478
20.0,10.0
36.352270608349045,12.277466011538401
-42.75795316789777,-10.20383390814656
20.0,10.0
36.5392463735664,12.211204235472959
-42.77297518464919,-10.195257548302418
20.0,10.0
36.43125267964658,12.379434782754071
-42.79036454441807,-10.078699573152708
20.0,10.0
36.63384372222343,11.958446558141038
-42.67768151025348,-10.092435380755914
20.0,10.0
36.31675970488263,12.059610278170993
-42.64379271739898,-10.214479771331
20.0,10.0
36.446000752353115,12.32759312519579
-42.57703215495815,-10.227818016411637
20.0,10.0
36.43050014797248,12.503322976188379
-42.6224233428371,-10.104437958609717
20.0,10.0
36.562113225985605,12.165913996116196
-42.55741993306735,-10.16156677136595
20.0,10.0
36.130238013493795,11.955363138087328
-42.559487993486634,-10.183440180582663
20.0,10.0
36.472500744571256,12.218430644732944
-42.66422674114966,-10.22283499228983
20.0,10.0
36.501064790675244,12.286904202419688
-42.67305766380344,-10.20950219489474
20.0,10.0
36.55192652314113,12.800993284739281
-42.83587395678041,-10.16108783230197
20.0,10.0
36.499411660532296,12.498763123744776
-42.95449695593497,-10.179857426506823
20.0,10.0
36.46870319615162,12.493350343108514
-42.953541189620786,-10.182507455219175
20.0,10.0
36.700774937891616,12.613020956706528
-42.86684043336566,-10.251140275060527
20.0,10.0
36.39354156642835,12.517287449106067
-42.871935082203144,-10.286652336350363
20.0,10.0
36.39674450132873,12.566970108496612
-42.88103181667706,-10.239163454872347
20.0,10.0
36.25604870684777,12.452225008069796
-42.92283234515347,-10.142342533202337
20.0,10.0
36.63041490656196,12.35728727320145
-42.94339330721681,-10.097715005086675
20.0,10.0
36.655113408261684,12.264571771779092
-42.94255732974568,-10.242470209460704
20.0,10.0
36.47528850688062,12.472533475960063
-42.726384773813734,-10.230843118986385
20.0,10.0
36.67879704146446,12.544109684031497
-42.77615803041958,-10.281187535620852
20.0,10.0
36.91188459575534,12.676640942521608
-42.89139552176023,-10.429451562909449
20.0,10.0
36.83295703274632,13.078856088369577
-42.766710903892246,-10.407882775065843
20.0,10.0
36.598780771254155,13.07224625927627
-42.80036436914444,-10.52111634402957
20.0,10.0
36.67425381446508,12.925795409739543
-42.757887363637984,-10.308147612122713
20.0,10.0
36.74041411964148,12.757494124873535
-42.963902253006594,-10.247887376182932
20.0,10.0
36.74658369344391,12.67109492759937
-42.92852434613983,-10.312017985289524
20.0,10.0
36.83901799354911,12.833584799415824
-42.90196986095831,-10.394567026399661
20.0,10.0
36.87428013798755,12.853679220337089
-42.73953589596901,-10.368021011436237
20.0,10.0
36.720872414692536,12.997423912784594
-42.7621327652597,-10.455994168616863
20.0,10.0
36.81337011547716,13.037824384619476
-42.61696218028944,-10.275270307256363
20.0,10.0
36.57261868120742,12.61148666729082
-42.56952334440513,-10.364040782787546
20.0,10.0
36.31639117130757,12.769844496625556
-42.550854350721316,-10.478761154599068
20.0,10.0
36.406236510631935,12.886230006818405
-42.79666355248375,-10.397699844315012
20.0,10.0
36.8614389785523,12.836263026711919
-42.755024087227184,-10.494267662409312
20.0,10.0
36.65594794908749,13.037404036169178
-42.74942491793218,-10.404528127716613
20.0,10.0
36.59177265420964,12.964708918849379
-42.96527293753581,-10.391132541607668
20.0,10.0
36.832866438730896,12.770371536887815
-43.108416120904266,-10.335872002977402
20.0,10.0
37.10481561438861,12.834515174670521
-43.182301482783906,-10.233903536379003
20.0,10.0
36.976127735894956,12.463634547218376
-43.14236063809225,-10.216100485955673
20.0,10.0
37.12784898052086,12.485782346558402
-43.10351925714445,-10.276414673257763
20.0,10.0
37.061241287859566,12.46037246865555
-43.165985227921695,-10.26259879322849
20.0,10.0
37.07378436993224,12.392850298595743
-43.19728829788486,-10.135342453667795
20.0,10.0
36.687632541033615,12.419633633556934
-43.17655089446833,-10.26449042164997
20.0,10.0
36.9506298287639,12.086292033726796
-43.09193163828082,-10.342017365187804
20.0,10.0
36.688651689959805,12.285803329065761
-42.97660542994715,-10.439304812875202
20.0,10.0
36.55734775908645,12.512513736912517
-42.96293866281908,-10.429033890148014
20.0,10.0
36.98037936006428,12.653036869458141
-43.00667054164901,-10.502418003300955
20.0,10.0
36.99511252545667,12.767943264820826
-43.073883197342916,-10.64285183850168
20.0,10.0
37.126474027746845,12.877269827969155
-43.13855987137521,-10.697026309377737
20.0,10.0
37.26473207241257,13.001207498381024
-42.9741838690248,-10.496375348519779
20.0,10.0
37.00390027130409,12.81627210790397
-43.09558572836731,-10.635592671135589
20.0,10.0
37.23769106325662,12.94770973325651
-43.09846269477678,-10.519997765766075
20.0,10.0
37.2102065089989,12.634924016214637
-43.088384197867484,-10.43380480937406
20.0,10.0
37.08847868559582,12.86401562790811
-43.03737952038506,-10.535989006777335
20.0,10.0
37.30124461098883,12.994572532327958
-42.963521683707626,-10.554942560828424
20.0,10.0
37.019007924597474,13.246162943428402
-42.881115193620715,-10.466315170002519
20.0,10.0
36.89026810850501,12.995899558455367
-42.70651583494103,-10.44680996090296
20.0,10.0
37.037389691348395,13.460824096664517
-42.68335746854819,-10.476478909828876
20.0,10.0
37.034303641854954,13.308969629775653
-42.610184380849105,-10.51371684485036
20.0,10.0
37.06488688981398,13.441564748912906
-42.71197722366384,-10.505275161160109
20.0,10.0
37.285625435298826,13.56717535912237
-42.769488468745365,-10.383926319762546
20.0,10.0
37.3713972547874,13.656793817732343
-42.66866183353224,-10.341483353907275
20.0,10.0
37.338212193145594,13.247708518712823
-42.83957952230663,-10.448362787004744
20.0,10.0
37.57203734767692,13.13925063818299
-42.98546857540074,-10.506285687576534
20.0,10.0
38.04830545092282,13.365109684418115
-43.022179226956695,-10.779979003318852
20.0,10.0
38.333391391427796,13.610036134738177
-43.08385056504966,-10.751345971751547
20.0,10.0
37.73119308200219,13.506001565876602
-43.35698320705231,-10.65166199844337
20.0,10.0
37.97436505661278,13.4623713156552
-43.26440905493953,-10.679528160481965
20.0,10.0
37.83523462362758,13.441526373618743
-43.10479714409567,-10.721609531828896
20.0,10.0
37.731617246544886,13.600199833880303
-43.21252181447363,-10.733199175756457
20.0,10.0
38.10578530910925,13.786400605860113
-43.37926208918272,-10.718253165376193
20.0,10.0
38.229492481481046,13.618514849180638
-43.36505951552903,-10.650718503315547
20.0,10.0
38.3539261245241,13.51834991982355
-43.419927993358534,-10.709940189414162
20.0,10.0
38.5496628747884,13.444162050463909
-43.556563608127064,-10.69116933086274
20.0,10.0
38.61561208719087,13.801564824942112
-43.277198350235736,-10.603884145397924
20.0,10.0
38.1727332911573,13.810269826021138
-43.34772658764386,-10.523864826151692
20.0,10.0
38.2743761914618,13.815815764790155
-43.34087161034966,-10.430448960749219
20.0,10.0
38.27506917764446,13.575238065382866
-43.30339786992201,-10.55154784751388
20.0,10.0
38.48651871988953,13.907226959997068
-43.43962862131654,-10.498655392976818
20.0,10.0
38.657690850517874,14.033963652996679
-43.511114982233785,-10.308381299197752
20.0,10.0
38.96577853546449,14.103225707885091
-43.67646329026547,-10.05695778959471
20.0,10.0
38.86142731626408,13.790841212003432
-43.69858525612886,-10.009793055275564
20.0,10.0
38.930108042051735,13.705784568700864
-43.81876619672072,-10.07363016628936
20.0,10.0
38.954303857744215,13.845965818597147
-43.87080659721209,-9.843111512665471
20.0,10.0
39.09520023957953,13.616257475319813
-44.054068638863164,-9.989186667052499
20.0,10.0
39.70401501073594,13.582103703049718
-44.10147277118955,-10.00252218638006
20.0,10.0
39.509046432464714,14.056354804336365
-44.17536188205172,-10.070874318427924
20.0,10.0
39.74435881438292,13.848368523485973
-44.13155036216048,-10.302330332020032
20.0,10.0
39.15284044888057,14.242599089691819
-44.21704539788247,-10.386815024615116
20.0,10.0
39.0861846157908,14.319680596258863
-44.23706477295713,-10.591767531995748
20.0,10.0
39.453896400764826,14.908563405831593
-44.08729783753729,-10.560259823434496
20.0,10.0
39.638433217793846,15.006007295972356
-44.05743851049091,-10.4603847138439
20.0,10.0
39.02101385633277,14.729889658091643
-44.01125809248402,-10.604406247575195
20.0,10.0
39.39106228946448,14.861324299896193
-43.94015162623828,-10.827557363551668
20.0,10.0
39.17616546548498,15.12914761597101
-43.8188739012089,-10.935326770323408
20.0,10.0
38.68028308701281,14.824239290312697
-43.7334242316362,-11.032006639142221
20.0,10.0
38.86175815413238,15.2975895028713
-43.73199722621507,-11.182140163003677
20.0,10.0
38.846867113971285,15.665018907859373
-43.61994347057782,-11.28407610253124
20.0,10.0
38.77996064404131,15.628477563407237
-43.74750369675758,-11.213418525884984
20.0,10.0
39.2618872821267,15.998567123039816
-43.65891195140051,-11.274883557658345
20.0,10.0
38.611811937936096,15.686171988852525
-43.655579459160094,-11.287043790877995
20.0,10.0
38.87461630942313,15.971501176763418
-43.70585523619666,-11.284668849107753
20.0,10.0
38.63212500465061,15.691363052679783
-43.62241598851689,-11.278436614453833
20.0,10.0
38.702580705657724,15.51775701225328
-43.53967486111735,-11.342712930819745
20.0,10.0
38.73037023031597,15.580624123400867
-43.50267845809797,-11.538531529792351
20.0,10.0
38.79928110008016,16.032059351905204
-43.50757478753011,-11.437157110452826
20.0,10.0
38.88993469818541,16.274562960027875
-43.3513570821521,-11.43876265513592
20.0,10.0
38.33417970181559,15.899142991038136
-43.49595521735473,-11.64056666087556
20.0,10.0
38.6550986536709,16.294333845075837
-43.4388723433218,-11.683696528920061
20.0,10.0
38.32051756215228,15.97358879611107
-43.5005020013297,-11.539941270903075
20.0,10.0
38.30289192938442,15.883586576319946
-43.4126105054467,-11.320399706388235
20.0,10.0
38.70058224990125,15.685636120519966
-43.31289961101339,-11.346004176707705
20.0,10.0
38.41939458622174,16.01016790067538
-43.36725389293793,-11.247025082187438
20.0,10.0
38.07534291362686,15.480548448631684
-43.405592584827396,-11.353027604385293
20.0,10.0
38.28172036609207,15.260935898971344
-43.599309372363,-11.533603261220497
20.0,10.0
38.42537418481371,15.509508056019875
-43.572404077564336,-11.271639069132755
20.0,10.0
38.253206615089105,15.578266390631423
-43.62623167732201,-11.257571596503642
20.0,10.0
38.555435767011176,15.12870349046651
-43.590365389501876,-11.26853085103144
20.0,10.0
38.1468496377748,15.349032665367925
-43.71935805435024,-11.41680734495938
20.0,10.0
38.48211612622734,15.503935558333197
-43.64503186260964,-11.414183358108575
20.0,10.0
38.48570590998452,15.658314169142688
-43.6746684337176,-11.574680542912946
20.0,10.0
38.216293705798435,15.382523166164507
-43.73726968788707,-11.502991211452747
20.0,10.0
38.356397241530935,15.260170020909648
-43.67550085157094,-11.450081280640111
20.0,10.0
38.521748260665696,15.586700515784905
-43.516396793658295,-11.521681453935967
20.0,10.0
38.429208076087754,15.521042982652446
-43.42214915475781,-11.551076670432213
20.0,10.0
38.087617420133135,15.378895982021664
-43.20350957093209,-11.718160987097944
20.0,10.0
37.79159137251602,15.679870385648112
-43.21896193597194,-11.869234791225658
20.0,10.0
37.81388701277218,16.059095857444326
-43.23817830943013,-11.949737917556307
20.0,10.0
37.90931787417305,16.069173147347172
-43.39466211630703,-11.918497573601147
20.0,10.0
37.53622073357495,16.066703352452112
-43.294612245591914,-11.962520320713521
20.0,10.0
37.642327538747615,16.08939214840565
-43.26187555153352,-11.869547524934617
20.0,10.0
37.471160593999414,15.825652677555027
-43.27159842539985,-11.808122634212149
20.0,10.0
37.55914388740239,15.636280731415322
-43.19421149349813,-11.951932898597331
20.0,10.0
37.30450982254712,15.867630536307356
-43.35952936878244,-11.874862393756418
20.0,10.0
37.50282129128234,15.766795452252996
-43.35595299628902,-11.833053819195046
20.0,10.0
37.814162874102536,16.03190621509859
-43.406777506771945,-11.762357582389216
20.0,10.0
37.78800602336479,15.908717428347988
-43.40264934160413,-11.704120800833932
20.0,10.0
37.78802620120696,15.836145168342735
-43.339971796000285,-11.618965422029374
20.0,10.0
37.668330500906634,15.729450369489555
-43.279075048348396,-11.620764127695967
20.0,10.0
37.868769447053786,16.06226282327113
-43.19836915112597,-11.428317363830084
20.0,10.0
37.79149767254211,15.895956755472788
-43.183263414428325,-11.465894624402548
20.0,10.0
37.70455710070998,15.97226939188523
-43.31343439121822,-11.366645887371176
20.0,10.0
37.941562908484784,15.775270751952064
-43.2168828707701,-11.137543497758406
20.0,10.0
37.91715090512873,15.348199688316516
-43.25475444570684,-11.313679434495693
20.0,10.0
37.743910191969476,15.764154650497087
-43.41367816710734,-11.383422462568161
20.0,10.0
37.726786580984744,16.078800901686105
-43.43151076500905,-11.467072461325927
20.0,10.0
38.0981219106982,16.145750738438167
-43.261590600877106,-11.475193703492803
20.0,10.0
37.95837247758019,16.345931835245874
-43.16298996225451,-11.402122399408041
20.0,10.0
37.879582665502234,16.37008504659599
-43.143653890955804,-11.390684277129601
20.0,10.0
38.26159240186078,16.99013172601368
-43.41930790477766,-11.300432917835906
20.0,10.0
38.35844209973916,16.39071938449395
-43.42891759855743,-11.349614871230262
20.0,10.0
38.46943718391816,16.710873705695565
-43.5126237001047,-11.267291770892351
20.0,10.0
38.73978418876173,16.417946592605
-43.39017232347417,-11.220997898559148
20.0,10.0
38.605061057115,16.882320371648532
-43.288197252207404,-11.351494741259533
20.0,10.0
38.32010379262737,16.879369148916968
-43.30890793913016,-11.365274479333866
20.0,10.0
38.22840310437885,16.600798291732506
-43.42068505336068,-11.110987467306028
20.0,10.0
38.20556264210108,16.590923024962972
-43.44667464795098,-11.089450477394925
20.0,10.0
38.221386856831906,16.544118136077405
-43.42626659357911,-10.982511339627377
20.0,10.0
38.34628182796808,16.769176992427987
-43.30574566704716,-11.041679912895082
20.0,10.0
38.28259546476089,16.81131709307174
-43.180280824330524,-11.166575279052331
20.0,10.0
38.11738714964484,16.583443833152366
-43.05461722363005,-11.0620306315016
20.0,10.0
37.7806576446253,16.402274150462205
-43.30524612821039,-11.136391305752385
20.0,10.0
38.02432239217388,16.70415840222421
-43.44790609053156,-11.159069314321362
20.0,10.0
38.54874388811561,16.83919789497259
-43.465448598277014,-11.215518966008306
20.0,10.0
38.498147288222334,16.710366514315652
-43.534906307942315,-11.337985526988538
20.0,10.0
38.57270430092161,16.70781153344526
-43.65776997553071,-11.309359301249879
20.0,10.0
38.47771007883604,16.63474551663966
-43.65625880277837,-11.062821195314754
20.0,10.0
38.85224548564605,16.28190811857128
-43.84053042677454,-11.019860615149447
20.0,10.0
39.14834664090258,16.60634447526278
-43.63014486735161,-10.923896377455215
20.0,10.0
38.948766685038485,16.169734298524638
-43.48381767591127,-10.83643412276514
20.0,10.0
38.737525012794464,15.966965096905213
-43.48905751339295,-10.78450163380226
20.0,10.0
38.84227511638913,16.25169358815837
-43.36212937212002,-10.867655324495102
20.0,10.0
38.49516432849896,16.266284756838356
-43.29570222721645,-10.763760474794383
20.0,10.0
38.31544617671379,16.08253965035776
-43.22396283421265,-10.688202464967961
20.0,10.0
38.551551945566764,16.087080435135906
-43.25777083209932,-10.635645972803115
20.0,10.0
38.344463544133255,15.84072338393224
-43.283011153428156,-10.542135941448914
20.0,10.0
38.12699279083511,15.458767679357617
-43.3769034144804,-10.452525406496585
20.0,10.0
38.20958190729535,15.162429505952087
-43.2899967723326,-10.45951184486943
20.0,10.0
38.26081897649179,15.09457412398644
-43.46126814318349,-10.51773248876059
20.0,10.0
38.10324325235467,14.87477768891505
-43.499769177907424,-10.387877333131556
20.0,10.0
38.31348225038275,14.908734047185064
-43.56286376002577,-10.358650004029183
20.0,10.0
38.137462944651496,14.470858125236258
-43.51015330533504,-10.37292499777917
20.0,10.0
38.07366587981504,14.297873652196365
-43.49298507741738,-10.47757634657002
20.0,10.0
37.988009653496555,14.474242272765224
-43.36936570004712,-10.47047567365835
20.0,10.0
38.07777750770767,14.617362990012676
-43.25074235159245,-10.698113589409378
20.0,10.0
37.325638081140355,14.759913506781306
-43.128210462428285,-10.6441474434203
20.0,10.0
37.57372474539116,14.801696489621055
-43.04482991007883,-10.54581076012892
20.0,10.0
37.21014257924257,14.522829547535085
-43.11099483356602,-10.497196486374916
20.0,10.0
37.41010564596075,14.494578855007973
-43.1294872038482,-10.690794493322684
20.0,10.0
37.774750525609235,15.073351083087147
-43.00612982768337,-10.446706238594313
20.0,10.0
37.83588852809493,14.417412093449638
-43.150427097961305,-10.497214920529071
20.0,10.0
37.503132110870474,14.5983777265518
-43.05908119886979,-10.456457693500742
20.0,10.0
37.83071862846161,14.409713180021402
-43.0475073797261,-10.445484884695547
20.0,10.0
37.98976779846825,14.542320347329877
-43.142927818201436,-10.33183698365052
20.0,10.0
38.03264104182191,14.376892472026782
-43.13079349376136,-10.260057902335744
20.0,10.0
37.940722300127405,14.269028755775253
-43.17586171032366,-10.19779021140494
20.0,10.0
37.80644147907647,13.897476721232639
-43.32036404364054,-10.19374236921526
20.0,10.0
38.02402672443432,13.816646596536277
-43.36529201610153,-10.222049478981917
20.0,10.0
38.19072743571471,14.171289200695782
-43.34835321286276,-10.323479573665102
20.0,10.0
38.36486801346811,14.032106358258282
-43.227533661742065,-10.217368820966426
20.0,10.0
38.075105447046134,14.018043033627237
-43.220042144657555,-10.063774586370625
20.0,10.0
37.83010297680825,13.300016698746742
-43.22702702767379,-10.127071442488566
20.0,10.0
37.91937368298775,13.796521279665438
-43.29128818958303,-10.073443222295293
20.0,10.0
38.181951433954865,13.622072631199483
-43.22484862197907,-10.05096038443906
20.0,10.0
37.964164686899714,13.583682909526253
-43.26264554469593,-9.948479214589039
20.0,10.0
37.93628853588052,13.599599243805866
-43.33592684261507,-9.9318404237945
20.0,10.0
38.00481293476518,13.632165640855263
-43.29135393920046,-9.973244977330864
20.0,10.0
38.22681483302614,13.560284970937957
-43.347150521696165,-10.09494738787792
20.0,10.0
38.342849324835285,13.604239129059263
-43.21515902380751,-9.959430305871503
20.0,10.0
38.15780710094095,13.523309116015025
-43.186560835386445,-10.081430608943627
20.0,10.0
37.90940858428067,13.584959838460342
-43.11858669641537,-9.915428303379626
20.0,10.0
38.02821962379489,13.769754566213507
-43.059197422044704,-9.915822419163232
20.0,10.0
38.05797997812452,13.920667587672014
-43.09751790584187,-9.865463279912495
20.0,10.0
38.18594624016036,13.869984509702626
-43.20580126056921,-9.974988278574362
20.0,10.0
38.13050809820556,14.067100339365926
-43.14667819740922,-10.083033551441492
20.0,10.0
38.09167522485064,14.131662880330072
-43.139749008283104,-10.149036868883988
20.0,10.0
38.31842681541585,13.984356663979487
-43.16790218505875,-10.221946416904087
20.0,10.0
38.171382414544865,13.913274503255423
-43.15753788769987,-10.220725720588854
20.0,10.0
38.309074509627244,13.744739191806453
-43.092392965123906,-10.086428955313373
20.0,10.0
37.91145003521042,13.214888820360848
-43.18419887783845,-10.10789717118724
20.0,10.0
38.21186442246361,13.525943955290138
-43.098109464608065,-10.309326763724412
20.0,10.0
38.14202530133557,13.652955238658905
-43.31548311157195,-10.458029521472247
20.0,10.0
38.093789925057465,13.75909805659045
-43.10094150455198,-10.288389481832835
20.0,10.0
37.63969433719693,13.464563991225244
-43.12048641605119,-10.221432141175143
20.0,10.0
37.84274380993631,13.347105088853525
-43.29345378753944,-10.295011930921103
20.0,10.0
37.95964652341592,13.640417239611065
-43.29209930631933,-10.289684834337502
20.0,10.0
38.20947449436085,13.944324725489643
-43.24699136679824,-10.37167010794089
20.0,10.0
37.679934978525594,13.742523038998929
-43.30313246447513,-10.29512274429605
20.0,10.0
38.09788919379828,13.860305184850258
-43.24350513940033,-10.378437497781093
20.0,10.0
37.867546026202135,13.635703922961923
-43.10885424236911,-10.322985102625788
20.0,10.0
38.13755850731345,13.66392917756566
-43.34340871230354,-10.50847474288143
20.0,10.0
38.49566904390423,14.220574676266821
-43.24431877005961,-10.38392733874284
20.0,10.0
37.95169553670321,13.6649256664105
-43.321761218755505,-10.522146267713138
20.0,10.0
38.382184517650465,13.69567664550658
-43.33042916470788,-10.388128497209348
20.0,10.0
38.29279804472692,13.770795341058484
-43.45223448889242,-10.392696264867652
20.0,10.0
38.34457927903015,13.869524824035977
-43.491478961292955,-10.522935190461633
20.0,10.0
38.43953397194417,14.083834339482717
-43.46990287622368,-10.616021527613043
20.0,10.0
38.2837665717666,13.954165906309882
-43.50132644406551,-10.768031493298404
20.0,10.0
38.1585705802608,14.135342283731099
-43.5852624974333,-10.919868870662429
20.0,10.0
38.03622199615469,14.499118143374972
-43.5083171688865,-11.092133705849962
20.0,10.0
38.320781967067184,14.391648200900537
-43.39811727908031,-11.13251623088299
20.0,10.0
38.152840803007194,14.328406234551668
-43.39834444706794,-10.999173268164425
20.0,10.0
38.342201757813086,14.46700752743736
-43.3793538947987,-11.035790306135967
20.0,10.0
38.34606212633345,14.39606061813733
-43.564008652030054,-11.126070675127368
20.0,10.0
38.673102464307675,14.382540590406478
-43.35496159563091,-11.363160363114444
20.0,10.0
38.417524834645036,14.691847191794093
-43.486605176836626,-11.348073115183787
20.0,10.0
38.494798173456324,14.673142831369482
-43.44020765076964,-11.38703863569754
20.0,10.0
38.44576743364356,14.537448571515231
-43.44785329189765,-11.56538473464249
20.0,10.0
38.71283824648699,14.927319522853452
-43.35972748866968,-11.550722931498248
20.0,10.0
38.170413237581826,14.88855359791987
-43.48672913765741,-11.635042453428527
20.0,10.0
38.63798378756322,15.202416986097123
-43.57341004177152,-11.556202115844343
20.0,10.0
38.53648325910009,14.958686343670962
-43.64426872752781,-11.47023568951305
20.0,10.0
38.80002601198766,15.121196396010337
-43.531460628683625,-11.515553911655966
20.0,10.0
38.640209923331916,15.21081969398275
-43.52665366447241,-11.538934817380913
20.0,10.0
38.65801446957625,15.234182303671282
-43.48531634555431,-11.41030690348054
20.0,10.0
38.831256287432566,15.232222359740515
-43.531418728531214,-11.331751598673439
20.0,10.0
38.96230112693704,15.24930395171518
-43.575254302077134,-11.4093229697777
20.0,10.0
38.62706762747057,15.241099714079333
-43.45438464019246,-11.436572655683033
20.0,10.0
38.42654707351417,15.197788327292098
-43.48178479728032,-11.479022694830407
20.0,10.0
38.469700818959474,15.156885827584091
-43.648953376271706,-11.375100432818245
20.0,10.0
38.23342156657202,14.497235092381501
-43.60465602772513,-11.417197013135716
20.0,10.0
38.93325337922266,14.981592956468585
-43.715519636255706,-11.27463313191471
20.0,10.0
38.53391969399202,14.614338099324396
-43.659790289661856,-11.21434301814058
20.0,10.0
38.41290400798688,14.464452348696412
-43.83494120638452,-11.155968440033709
20.0,10.0
38.6584221602477,14.639655335944376
-43.874448181996826,-11.05557346218558
20.0,10.0
38.549227845919276,14.634710019269878
-43.86230237206667,-11.039537088899026
20.0,10.0
38.627397930405,14.546645562549699
-43.78762804092567,-11.106969708041486
20.0,10.0
38.77072364886527,14.913181371061778
-44.04474874911003,-11.02943017792065
20.0,10.0
38.739459359421986,14.418489923866183
-43.974141529053576,-10.951528853622744
20.0,10.0
39.267663466030776,14.739801038537731
-43.69860486603353,-11.082735789418598
20.0,10.0
38.79454932418532,14.75025381261121
-43.649529734097854,-11.1332881343865
20.0,10.0
38.90633314491792,15.07476614303513
-43.66161166254761,-11.082430020574982
20.0,10.0
38.603418488649005,14.59969519182632
-43.52052088786416,-11.135558024101705
20.0,10.0
38.60890165981018,14.813044567083587
-43.434240658743306,-11.176624385311223
20.0,10.0
38.505407326828475,15.035241714301556
-43.40274148031655,-10.991960323449833
20.0,10.0
38.41633016424613,14.728878406776417
-43.53125679822346,-11.227322365642241
20.0,10.0
38.303406656837645,15.015728858783607
-43.501990285879664,-11.398068401336735
20.0,10.0
38.191283725244794,14.937319585797201
-43.45806398505717,-11.34909833757013
20.0,10.0
38.04327056929059,15.035347822339734
-43.5341754884445,-11.163716346792622
20.0,10.0
38.29543396684358,14.52097051424344
-43.44498893847812,-11.073707382603592
20.0,10.0
38.270927583508055,14.793175812912015
-43.41647304999563,-10.915528047806692
20.0,10.0
37.77530953694915,14.43130810257411
-43.3384572890968,-10.775534110094402
20.0,10.0
37.688101955930286,14.17078278219785
-43.24891978087836,-10.868933768028455
20.0,10.0
37.546097571146724,14.300423538177895
-43.177592990055416,-10.780358774103567
20.0,10.0
37.77719883558882,14.495356107884398
-43.211882410818504,-10.814709072379015
20.0,10.0
37.75182855856902,14.440965871983124
-43.32041794557757,-10.752821077393335
20.0,10.0
38.1195887798711,14.374956716651553
-43.20396079364466,-10.84740266299441
20.0,10.0
38.29168999398883,14.541698355960762
-43.416908302764895,-10.90651087989427
20.0,10.0
38.278493065329656,14.444545906210436
-43.49582870842218,-10.925124444782506
20.0,10.0
38.93087862821778,14.694721500686878
-43.58535036676611,-10.941326961551184
20.0,10.0
39.290945823927856,14.515681139015541
-43.72063584120206,-10.94551310926533
20.0,10.0
39.15609138622431,14.212668566156761
-43.57482051116031,-10.96386642323055
20.0,10.0
38.88892824413416,14.293161285705828
-43.639261152562675,-11.132916513138424
20.0,10.0
39.030470451487325,14.354870661550123
-43.63192047742029,-11.192574592582448
20.0,10.0
38.80640187205805,14.28613829126613
-43.7237152957157,-11.44437758423943
20.0,10.0
39.496981741491474,14.53378636566779
-43.817048518516984,-11.373356549515698
20.0,10.0
38.91432122610959,14.709273356526431
-43.83803290709042,-11.345103360533976
20.0,10.0
39.00358129155009,14.753161530094921
-43.816380042921104,-11.07172934734063
20.0,10.0
39.04826545609104,14.34863971675663
-43.73264424412204,-10.978418860504808
20.0,10.0
39.215116679299,14.410519683886992
-43.7187439074919,-10.993930597274733
20.0,10.0
39.243931105441845,14.474249087352739
-43.64762387031395,-11.06403627548912
20.0,10.0
39.45839157875645,14.636270883040698
-43.51416227605063,-11.075410433519504
20.0,10.0
39.2632650382441,14.2386536274964
-43.55300506575069,-10.924049543206703
20.0,10.0
39.38267431565166,14.365230045377356
-43.52015011391852,-10.800788583171064
20.0,10.0
39.43740315222806,14.560793014816905
-43.43438182997152,-10.706786362610037
20.0,10.0
39.65443548656196,14.388814254316692
-43.43668189135338,-10.813618040056635
20.0,10.0
39.91488469433909,14.572266182653376
-43.55179485635826,-10.906511407036106
20.0,10.0
39.75356067937867,14.575655208457164
-43.69011959828923,-10.904244990370989
20.0,10.0
40.046475929441144,14.72265862281531
-43.68730513275491,-10.79629932140237
20.0,10.0
40.135428498360916,14.527711104929647
-43.678321411909714,-10.826826090196123
20.0,10.0
40.49112114843282,14.774801243498391
-43.585629515796064,-10.808111899358941
20.0,10.0
40.34093762852702,14.662138047745593
-43.602472269871846,-10.782742808000325
20.0,10.0
40.3386643650019,14.502423526553105
-43.571043551548144,-10.925601833562519
20.0,10.0
40.23203898206987,15.062946967474964
-43.61713094354529,-11.03593176477966
20.0,10.0
40.556788473414755,15.156694268707877
-43.75390543297507,-10.848311541837361
20.0,10.0
40.71223713939387,14.897458158368323
-43.68253941139485,-10.96141982259553
20.0,10.0
40.84371184896977,15.11479682399441
-43.67773330526085,-11.070502648771184
20.0,10.0
40.58639602233898,15.159906750837468
-43.521679292409615,-11.056012909417598
20.0,10.0
40.06013817113747,15.076228077036468
-43.39858921108317,-11.112342120745737
20.0,10.0
40.17067111830769,15.38685376687755
-43.34991839595754,-11.153160708129437
20.0,10.0
40.39185702463016,15.549445784596688
-43.609577397993995,-11.1201009206751
20.0,10.0
40.62657574687467,15.381706917519054
-43.38614626990653,-11.154749172326436
20.0,10.0
40.51640513497206,15.432335687486688
-43.28178807115537,-10.990545315941405
20.0,10.0
40.11287458519508,15.17571815592773
-43.3502194191832,-10.921115378143089
20.0,10.0
40.170123504157935,15.17000786655868
-43.32743581425807,-10.97102254704825
20.0,10.0
40.05242274734155,15.23583467787465
-43.411696007746635,-11.055784716027388
20.0,10.0
40.53756049186462,15.109903964812087
-43.17945337576844,-11.154862974560782
20.0,10.0
39.9096441386777,14.779177926619607
-43.2781698361092,-11.184121735605673
20.0,10.0
39.79013659543526,14.78416610443438
-43.35803137368074,-10.989920049290756
20.0,10.0
39.97619869323383,14.787594937946519
-43.12924617084441,-10.97203082926091
20.0,10.0
39.90403677427051,14.530819899497011
-43.08012236451884,-11.196740332534098
20.0,10.0
39.72997098306176,14.6729039088819
-43.11019544314714,-11.196580233748053
20.0,10.0
39.679728640817764,14.632396559715303
-42.94636972007256,-11.22245883085156
20.0,10.0
39.390011329795776,14.372610842610406
-43.09022879027142,-11.326942241272931
20.0,10.0
39.55336587743526,14.79815793265476
-43.034559168412045,-11.399545663916479
20.0,10.0
39.65941649527551,14.739446131979957
-43.037490947893474,-11.557647046524803
20.0,10.0
39.51116687220973,14.88113994385105
-42.947707112078476,-11.553214626723015
20.0,10.0
39.59443274771441,14.759183769102489
-42.80150285706062,-11.648282727958646
20.0,10.0
39.02145446669656,14.976528043879355
-42.89277247059623,-11.53042317543347
20.0,10.0
39.11048837672877,14.66401397901869
-42.946266093257016,-11.432093340318128
20.0,10.0
39.16527801550436,14.76222250287173
-42.92311569632354,-11.470669885523945
20.0,10.0
39.01376598590978,14.948019424288248
-42.70032085780043,-11.72793301345422
20.0,10.0
38.89163638772637,15.166316180419471
-42.6968961796779,-11.716282846669023
20.0,10.0
38.94561993006595,15.144555570575001
-42.685565600372065,-11.646199389772645
20.0,10.0
39.18381296357007,14.994900333766438
-42.9109658192904,-11.614262862946411
20.0,10.0
39.01011983739523,14.786525473943179
-42.89575880231339,-11.689623187393783
20.0,10.0
39.13801012475336,15.070329828115849
-42.927457879179116,-11.73284269372788
20.0,10.0
38.98428960915031,14.974196231977917
-42.871177383312066,-11.829258818662963
20.0,10.0
39.07146658691959,15.241767601210395
-42.959181361778796,-11.927561645554217
20.0,10.0
39.083763913840166,15.22673840060352
-42.823670459416576,-11.949711090055988
20.0,10.0
38.643912055447316,15.290046273684002
-42.764751718641655,-12.023793490951654
20.0,10.0
38.628097713833505,15.131423378744323
-42.87701612740472,-11.964167827530437
20.0,10.0
38.99747690561659,15.104124792162388
-43.06625386409562,-11.92829369545652
20.0,10.0
39.031621722437556,15.376388912549135
-43.01121411690748,-11.86432525393125
20.0,10.0
38.87942676124659,15.026069108662249
-42.90688332713766,-11.867627475949226
20.0,10.0
38.96816577833714,15.222380390769835
-42.938775399525646,-11.878995478696181
20.0,10.0
38.55991301666014,15.050805237110211
-43.06532442457197,-11.848670160983843
20.0,10.0
38.734944440076234,15.182757972171075
-42.77803305939908,-11.787312571216816
20.0,10.0
38.543042802571975,15.205469234557256
